# ************************************************************
# Sequel Pro SQL dump
# Version 4096
#
# http://www.sequelpro.com/
# http://code.google.com/p/sequel-pro/
#
# Host: 127.0.0.1 (MySQL 5.6.17)
# Database: siots
# Generation Time: 2014-04-18 21:35:46 +0000
# ************************************************************


/*!40101 SET @OLD_CHARACTER_SET_CLIENT=@@CHARACTER_SET_CLIENT */;
/*!40101 SET @OLD_CHARACTER_SET_RESULTS=@@CHARACTER_SET_RESULTS */;
/*!40101 SET @OLD_COLLATION_CONNECTION=@@COLLATION_CONNECTION */;
/*!40101 SET NAMES utf8 */;
/*!40014 SET @OLD_FOREIGN_KEY_CHECKS=@@FOREIGN_KEY_CHECKS, FOREIGN_KEY_CHECKS=0 */;
/*!40101 SET @OLD_SQL_MODE=@@SQL_MODE, SQL_MODE='NO_AUTO_VALUE_ON_ZERO' */;
/*!40111 SET @OLD_SQL_NOTES=@@SQL_NOTES, SQL_NOTES=0 */;


# Dump of table communication
# ------------------------------------------------------------

DROP TABLE IF EXISTS `communication`;

CREATE TABLE `communication` (
  `type` varchar(500) NOT NULL,
  `communicationId` int(50) NOT NULL AUTO_INCREMENT,
  PRIMARY KEY (`communicationId`)
) ENGINE=InnoDB DEFAULT CHARSET=latin1;

LOCK TABLES `communication` WRITE;
/*!40000 ALTER TABLE `communication` DISABLE KEYS */;

INSERT INTO `communication` (`type`, `communicationId`)
VALUES
	('virtual',1),
	('zigbee',3),
	('wifi',4);

/*!40000 ALTER TABLE `communication` ENABLE KEYS */;
UNLOCK TABLES;


# Dump of table device_capability_template
# ------------------------------------------------------------

DROP TABLE IF EXISTS `device_capability_template`;

CREATE TABLE `device_capability_template` (
  `capability_category` varchar(50) NOT NULL,
  `capability_name` varchar(500) NOT NULL,
  `capability_id` int(11) NOT NULL AUTO_INCREMENT,
  `command_name` varchar(100) DEFAULT NULL,
  `command_parameter` varchar(50) DEFAULT NULL,
  `property_name` varchar(100) DEFAULT NULL,
  `property_value` varchar(50) DEFAULT NULL,
  PRIMARY KEY (`capability_id`)
) ENGINE=InnoDB DEFAULT CHARSET=latin1;

LOCK TABLES `device_capability_template` WRITE;
/*!40000 ALTER TABLE `device_capability_template` DISABLE KEYS */;

INSERT INTO `device_capability_template` (`capability_category`, `capability_name`, `capability_id`, `command_name`, `command_parameter`, `property_name`, `property_value`)
VALUES
	('command','command_on',4,'on',NULL,NULL,NULL),
	('command','command_off',5,'off',NULL,NULL,NULL),
	('command','command_lock',7,'lock',NULL,NULL,NULL),
	('command','command_unlock',8,'unlock',NULL,NULL,NULL),
	('command','command_set_temp',11,'set_temp','temp',NULL,NULL),
	('command','command_set_channel',12,'set_channel','channel',NULL,NULL),
	('command','command_dimming',13,'set_dimming','percent',NULL,NULL),
	('property','property_motion',14,NULL,NULL,'motion','motion_detected'),
	('property','property_motion',15,NULL,NULL,'motion','motion_not_detected'),
	('property','property_lock',16,NULL,NULL,'lock','locked'),
	('property','property_lock',17,NULL,NULL,'lock','unlocked'),
	('property','property_contact',18,NULL,NULL,'contact','open'),
	('property','property_contact',19,NULL,NULL,'contact','closed'),
	('property','property_temp',20,NULL,NULL,'temp','temp_value'),
	('property','property_dimming',21,NULL,NULL,'dimming','light_level_value'),
	('property','property_channel',22,NULL,NULL,'channel','channel_value');

/*!40000 ALTER TABLE `device_capability_template` ENABLE KEYS */;
UNLOCK TABLES;


# Dump of table device_instance
# ------------------------------------------------------------

DROP TABLE IF EXISTS `device_instance`;

CREATE TABLE `device_instance` (
  `belongTo` varchar(50) CHARACTER SET utf8 NOT NULL,
  `deviceType` varchar(50) NOT NULL,
  `indoorLocation` varchar(50) NOT NULL,
  `deviceName` varchar(50) NOT NULL,
  `brand` varchar(50) NOT NULL,
  `model` varchar(100) NOT NULL,
  `communicationType` varchar(500) NOT NULL,
  `deviceId` int(50) NOT NULL AUTO_INCREMENT,
  PRIMARY KEY (`deviceId`)
) ENGINE=InnoDB DEFAULT CHARSET=latin1;

LOCK TABLES `device_instance` WRITE;
/*!40000 ALTER TABLE `device_instance` DISABLE KEYS */;

INSERT INTO `device_instance` (`belongTo`, `deviceType`, `indoorLocation`, `deviceName`, `brand`, `model`, `communicationType`, `deviceId`)
VALUES
	('ryan','radio','bathroom','bathroom8','bosch','bosch45678','wifi',28),
	('ryan','radio','bathroom','bathroom7','bosch','bosch123','wifi',29),
	('josef','radio','bathroom','bubblyjams','bosch','bosch999','wifi',30),
	('john','radio','bathroom','boozetube','bosch','bosch123','wifi',32),
	('tammy','radio','bathroom','tiletube','bosch','bosch444','wifi',33),
	('ryan','thermostat','living room','main','bosch','bosch007','wifi',34),
	('lauren','thermostat','dining room','theromstat_main','bosch','bosch007','wifi',35),
	('ryan','radio','den','in','bosch','bosch007','zigbee',36),
	('ryan','radio','bathroom','nibh.','bosch','bosch007','wifi',37),
	('ryan','radio','bedroom','ante,','bosch','bosch1234','zigbee',38),
	('ryan','radio','kitchen','in','bosch','bosch999','wifi',39),
	('ryan','thermostat','den','gravida','bosch','bosch007','zigbee',40),
	('ryan','thermostat','bathroom','et','bosch','bosch1234','wifi',41),
	('ryan','thermostat','bedroom','accumsan','bosch','bosch999','zigbee',42),
	('ryan','simple_light','kitchen','enim','bosch','bosch007','wifi',43),
	('ryan','simple_light','den','non,','bosch','bosch1234','zigbee',44),
	('ryan','simple_light','bathroom','tempor','bosch','bosch999','wifi',45),
	('ryan','radio','bedroom','Mauris','bosch','bosch007','zigbee',46),
	('ryan','radio','kitchen','Aliquam','bosch','bosch1234','wifi',47),
	('ryan','radio','den','enim','bosch','bosch999','zigbee',48),
	('ryan','thermostat','bathroom','quam.','bosch','bosch007','wifi',49),
	('ryan','thermostat','bedroom','lorem,','bosch','bosch1234','zigbee',50),
	('ryan','thermostat','kitchen','dolor','bosch','bosch999','wifi',51),
	('ryan','simple_light','den','Suspendisse','bosch','bosch007','zigbee',52),
	('ryan','simple_light','bathroom','risus.','bosch','bosch1234','wifi',53),
	('ryan','simple_light','bedroom','non','bosch','bosch999','zigbee',54),
	('ryan','radio','kitchen','est','bosch','bosch007','wifi',55),
	('ryan','radio','den','gravida','bosch','bosch1234','zigbee',56),
	('ryan','radio','bathroom','lacus.','bosch','bosch999','wifi',57),
	('ryan','thermostat','bedroom','urna','bosch','bosch007','zigbee',58),
	('ryan','thermostat','kitchen','elementum,','bosch','bosch1234','wifi',59),
	('ryan','thermostat','den','ornare','bosch','bosch999','zigbee',60),
	('ryan','simple_light','bathroom','semper','bosch','bosch007','wifi',61),
	('ryan','simple_light','bedroom','orci','bosch','bosch1234','zigbee',62),
	('ryan','simple_light','kitchen','in','bosch','bosch999','wifi',63),
	('ryan','radio','den','mauris','bosch','bosch007','zigbee',64),
	('ryan','radio','bathroom','nulla.','bosch','bosch1234','wifi',65),
	('ryan','radio','bedroom','Nullam','bosch','bosch999','zigbee',66),
	('ryan','thermostat','kitchen','Nulla','bosch','bosch007','wifi',67),
	('ryan','thermostat','den','sit','bosch','bosch1234','zigbee',68),
	('ryan','thermostat','bathroom','diam','bosch','bosch999','wifi',69),
	('ryan','simple_light','bedroom','senectus','bosch','bosch007','zigbee',70),
	('ryan','simple_light','kitchen','rutrum','bosch','bosch1234','wifi',71),
	('ryan','simple_light','den','tincidunt','bosch','bosch999','zigbee',72),
	('ryan','radio','bathroom','arcu','bosch','bosch007','wifi',73),
	('ryan','radio','bedroom','Phasellus','bosch','bosch1234','zigbee',74),
	('ryan','radio','kitchen','pharetra','bosch','bosch999','wifi',75),
	('ryan','thermostat','den','Fusce','bosch','bosch007','zigbee',76),
	('ryan','thermostat','bathroom','posuere','bosch','bosch1234','wifi',77),
	('ryan','thermostat','bedroom','eleifend','bosch','bosch999','zigbee',78),
	('ryan','simple_light','kitchen','libero.','bosch','bosch007','wifi',79),
	('ryan','simple_light','den','eu','bosch','bosch1234','zigbee',80),
	('ryan','simple_light','bathroom','Donec','bosch','bosch999','wifi',81),
	('ryan','radio','bedroom','et,','bosch','bosch007','zigbee',82),
	('ryan','radio','kitchen','aliquet.','bosch','bosch1234','wifi',83),
	('ryan','radio','den','eu,','bosch','bosch999','zigbee',84),
	('ryan','thermostat','bathroom','Cras','bosch','bosch007','wifi',85),
	('ryan','thermostat','bedroom','consequat,','bosch','bosch1234','zigbee',86),
	('ryan','thermostat','kitchen','mauris','bosch','bosch999','wifi',87),
	('ryan','simple_light','den','quam','bosch','bosch007','zigbee',88),
	('ryan','simple_light','bathroom','ipsum.','bosch','bosch1234','wifi',89),
	('ryan','simple_light','bedroom','justo.','bosch','bosch999','zigbee',90),
	('ryan','radio','kitchen','neque.','bosch','bosch007','wifi',91),
	('ryan','radio','den','leo.','bosch','bosch1234','zigbee',92),
	('ryan','radio','bathroom','vitae','bosch','bosch999','wifi',93),
	('ryan','thermostat','bedroom','malesuada','bosch','bosch007','zigbee',94),
	('ryan','thermostat','kitchen','est.','bosch','bosch1234','wifi',95),
	('ryan','thermostat','den','ut','bosch','bosch999','zigbee',96),
	('ryan','simple_light','bathroom','nunc','bosch','bosch007','wifi',97),
	('ryan','simple_light','bedroom','Donec','bosch','bosch1234','zigbee',98),
	('ryan','simple_light','kitchen','tempor','bosch','bosch999','wifi',99),
	('ryan','radio','den','arcu.','bosch','bosch007','zigbee',100),
	('ryan','radio','bathroom','est.','bosch','bosch1234','wifi',101),
	('ryan','radio','bedroom','non,','bosch','bosch999','zigbee',102),
	('ryan','thermostat','kitchen','Nam','bosch','bosch007','wifi',103),
	('ryan','thermostat','den','libero','bosch','bosch1234','zigbee',104),
	('ryan','thermostat','bathroom','ipsum','bosch','bosch999','wifi',105),
	('ryan','simple_light','bedroom','tincidunt.','bosch','bosch007','zigbee',106),
	('ryan','simple_light','kitchen','at,','bosch','bosch1234','wifi',107),
	('ryan','simple_light','den','velit','bosch','bosch999','zigbee',108),
	('ryan','radio','bathroom','blandit','bosch','bosch007','wifi',109),
	('ryan','radio','bedroom','feugiat','bosch','bosch1234','zigbee',110),
	('ryan','radio','kitchen','nec','bosch','bosch999','wifi',111),
	('ryan','thermostat','den','rhoncus.','bosch','bosch007','zigbee',112),
	('ryan','thermostat','bathroom','non','bosch','bosch1234','wifi',113),
	('ryan','thermostat','bedroom','euismod','bosch','bosch999','zigbee',114),
	('ryan','simple_light','kitchen','vitae','bosch','bosch007','wifi',115),
	('ryan','simple_light','den','porttitor','bosch','bosch1234','zigbee',116),
	('ryan','simple_light','bathroom','ac,','bosch','bosch999','wifi',117),
	('ryan','radio','bedroom','in','bosch','bosch007','zigbee',118),
	('ryan','radio','kitchen','rutrum','bosch','bosch1234','wifi',119),
	('ryan','radio','den','interdum','bosch','bosch999','zigbee',120),
	('ryan','thermostat','bathroom','id','bosch','bosch007','wifi',121),
	('ryan','thermostat','bedroom','non,','bosch','bosch1234','zigbee',122),
	('ryan','thermostat','kitchen','vulputate','bosch','bosch999','wifi',123),
	('ryan','simple_light','den','mollis','bosch','bosch007','zigbee',124),
	('ryan','simple_light','bathroom','hymenaeos.','bosch','bosch1234','wifi',125),
	('ryan','simple_light','bedroom','nec','bosch','bosch999','zigbee',126),
	('ryan','radio','kitchen','Curabitur','bosch','bosch007','wifi',127),
	('ryan','radio','den','natoque','bosch','bosch1234','zigbee',128),
	('ryan','radio','bathroom','Vivamus','bosch','bosch999','wifi',129),
	('ryan','thermostat','bedroom','sagittis','bosch','bosch007','zigbee',130),
	('ryan','thermostat','kitchen','magna','bosch','bosch1234','wifi',131),
	('ryan','thermostat','den','urna','bosch','bosch999','zigbee',132),
	('ryan','simple_light','bathroom','est','bosch','bosch007','wifi',133),
	('ryan','simple_light','bedroom','pede,','bosch','bosch1234','zigbee',134),
	('ryan','simple_light','kitchen','malesuada','bosch','bosch999','wifi',135),
	('ryan','radio','den','Aenean','bosch','bosch007','zigbee',136),
	('ryan','radio','bathroom','in','bosch','bosch007','wifi',137),
	('ryan','radio','bedroom','neque.','bosch','bosch1234','zigbee',138),
	('ryan','radio','kitchen','lectus','bosch','bosch999','wifi',139),
	('ryan','thermostat','den','ut','bosch','bosch007','zigbee',140),
	('ryan','thermostat','bathroom','pede.','bosch','bosch1234','wifi',141),
	('ryan','thermostat','bedroom','facilisis','bosch','bosch999','zigbee',142),
	('ryan','simple_light','kitchen','molestie','bosch','bosch007','wifi',143),
	('ryan','simple_light','den','non','bosch','bosch1234','zigbee',144),
	('ryan','simple_light','bathroom','Proin','bosch','bosch999','wifi',145),
	('ryan','radio','bedroom','consequat','bosch','bosch007','zigbee',146),
	('ryan','radio','kitchen','eget','bosch','bosch1234','wifi',147),
	('ryan','radio','den','Aenean','bosch','bosch999','zigbee',148),
	('ryan','thermostat','bathroom','urna','bosch','bosch007','wifi',149),
	('ryan','thermostat','bedroom','lacinia','bosch','bosch1234','zigbee',150),
	('ryan','thermostat','kitchen','mauris','bosch','bosch999','wifi',151),
	('ryan','simple_light','den','pede.','bosch','bosch007','zigbee',152),
	('ryan','simple_light','bathroom','turpis','bosch','bosch1234','wifi',153),
	('ryan','simple_light','bedroom','a','bosch','bosch999','zigbee',154),
	('ryan','radio','kitchen','ante','bosch','bosch007','wifi',155),
	('ryan','radio','den','semper','bosch','bosch1234','zigbee',156),
	('ryan','radio','bathroom','neque','bosch','bosch999','wifi',157),
	('ryan','thermostat','bedroom','Duis','bosch','bosch007','zigbee',158),
	('ryan','thermostat','kitchen','placerat','bosch','bosch1234','wifi',159),
	('ryan','thermostat','den','lorem,','bosch','bosch999','zigbee',160),
	('ryan','simple_light','bathroom','purus','bosch','bosch007','wifi',161),
	('ryan','simple_light','bedroom','augue','bosch','bosch1234','zigbee',162),
	('ryan','simple_light','kitchen','egestas.','bosch','bosch999','wifi',163),
	('ryan','radio','den','commodo','bosch','bosch007','zigbee',164),
	('ryan','radio','bathroom','risus.','bosch','bosch1234','wifi',165),
	('ryan','radio','bedroom','sodales','bosch','bosch999','zigbee',166),
	('ryan','thermostat','kitchen','tempor','bosch','bosch007','wifi',167),
	('ryan','thermostat','den','a','bosch','bosch1234','zigbee',168),
	('ryan','thermostat','bathroom','non,','bosch','bosch999','wifi',169),
	('ryan','simple_light','bedroom','mauris','bosch','bosch007','zigbee',170),
	('ryan','simple_light','kitchen','magna.','bosch','bosch1234','wifi',171),
	('ryan','simple_light','den','In','bosch','bosch999','zigbee',172),
	('ryan','radio','bathroom','orci.','bosch','bosch007','wifi',173),
	('ryan','radio','bedroom','sem','bosch','bosch1234','zigbee',174),
	('ryan','radio','kitchen','odio','bosch','bosch999','wifi',175),
	('ryan','thermostat','den','ac','bosch','bosch007','zigbee',176),
	('ryan','thermostat','bathroom','quis,','bosch','bosch1234','wifi',177),
	('ryan','thermostat','bedroom','nisi.','bosch','bosch999','zigbee',178),
	('ryan','simple_light','kitchen','at','bosch','bosch007','wifi',179),
	('ryan','simple_light','den','neque','bosch','bosch1234','zigbee',180),
	('ryan','simple_light','bathroom','vitae','bosch','bosch999','wifi',181),
	('ryan','radio','bedroom','non','bosch','bosch007','zigbee',182),
	('ryan','radio','kitchen','rhoncus','bosch','bosch1234','wifi',183),
	('ryan','radio','den','dictum','bosch','bosch999','zigbee',184),
	('ryan','thermostat','bathroom','dapibus','bosch','bosch007','wifi',185),
	('ryan','thermostat','bedroom','dictum','bosch','bosch1234','zigbee',186),
	('ryan','thermostat','kitchen','fermentum','bosch','bosch999','wifi',187),
	('ryan','simple_light','den','vitae','bosch','bosch007','zigbee',188),
	('ryan','simple_light','bathroom','elit','bosch','bosch1234','wifi',189),
	('ryan','simple_light','bedroom','ligula.','bosch','bosch999','zigbee',190),
	('ryan','radio','kitchen','Nullam','bosch','bosch007','wifi',191),
	('ryan','radio','den','parturient','bosch','bosch1234','zigbee',192),
	('ryan','radio','bathroom','consectetuer','bosch','bosch999','wifi',193),
	('ryan','thermostat','bedroom','ad','bosch','bosch007','zigbee',194),
	('ryan','thermostat','kitchen','risus.','bosch','bosch1234','wifi',195),
	('ryan','thermostat','den','magna.','bosch','bosch999','zigbee',196),
	('ryan','simple_light','bathroom','faucibus.','bosch','bosch007','wifi',197),
	('ryan','simple_light','bedroom','magna','bosch','bosch1234','zigbee',198),
	('ryan','simple_light','kitchen','convallis','bosch','bosch999','wifi',199),
	('ryan','radio','den','et','bosch','bosch007','zigbee',200),
	('ryan','radio','bathroom','pretium','bosch','bosch1234','wifi',201),
	('ryan','radio','bedroom','et,','bosch','bosch999','zigbee',202),
	('ryan','thermostat','kitchen','semper','bosch','bosch007','wifi',203),
	('ryan','thermostat','den','sed,','bosch','bosch1234','zigbee',204),
	('ryan','thermostat','bathroom','a,','bosch','bosch999','wifi',205),
	('ryan','simple_light','bedroom','dolor.','bosch','bosch007','zigbee',206),
	('ryan','simple_light','kitchen','imperdiet','bosch','bosch1234','wifi',207),
	('ryan','simple_light','den','Cras','bosch','bosch999','zigbee',208),
	('ryan','radio','bathroom','luctus,','bosch','bosch007','wifi',209),
	('ryan','radio','bedroom','lacus.','bosch','bosch1234','zigbee',210),
	('ryan','radio','kitchen','dui.','bosch','bosch999','wifi',211),
	('ryan','thermostat','den','Cras','bosch','bosch007','zigbee',212),
	('ryan','thermostat','bathroom','at,','bosch','bosch1234','wifi',213),
	('ryan','thermostat','bedroom','sit','bosch','bosch999','zigbee',214),
	('ryan','simple_light','kitchen','nec','bosch','bosch007','wifi',215),
	('ryan','simple_light','den','at','bosch','bosch1234','zigbee',216),
	('ryan','simple_light','bathroom','ipsum.','bosch','bosch999','wifi',217),
	('ryan','radio','bedroom','sit','bosch','bosch007','zigbee',218),
	('ryan','radio','kitchen','pede','bosch','bosch1234','wifi',219),
	('ryan','radio','den','morbi','bosch','bosch999','zigbee',220),
	('ryan','thermostat','bathroom','eget','bosch','bosch007','wifi',221),
	('ryan','thermostat','bedroom','varius','bosch','bosch1234','zigbee',222),
	('ryan','thermostat','kitchen','egestas.','bosch','bosch999','wifi',223),
	('ryan','simple_light','den','dictum.','bosch','bosch007','zigbee',224),
	('ryan','simple_light','bathroom','rutrum','bosch','bosch1234','wifi',225),
	('ryan','simple_light','bedroom','Mauris','bosch','bosch999','zigbee',226),
	('ryan','radio','kitchen','vehicula','bosch','bosch007','wifi',227),
	('ryan','radio','den','natoque','bosch','bosch1234','zigbee',228),
	('ryan','radio','bathroom','nisi.','bosch','bosch999','wifi',229),
	('ryan','thermostat','bedroom','pellentesque','bosch','bosch007','zigbee',230),
	('ryan','thermostat','kitchen','mauris.','bosch','bosch1234','wifi',231),
	('ryan','thermostat','den','consectetuer','bosch','bosch999','zigbee',232),
	('ryan','simple_light','bathroom','Sed','bosch','bosch007','wifi',233),
	('ryan','simple_light','bedroom','tempus','bosch','bosch1234','zigbee',234),
	('ryan','simple_light','kitchen','consequat','bosch','bosch999','wifi',235),
	('ryan','radio','den','aliquam','bosch','bosch007','zigbee',236),
	('ryan','radio','bathroom','libero','bosch','bosch007','wifi',237),
	('ryan','radio','bedroom','aliquam','bosch','bosch1234','zigbee',238),
	('ryan','radio','kitchen','sociis','bosch','bosch999','wifi',239),
	('ryan','thermostat','den','pede,','bosch','bosch007','zigbee',240),
	('ryan','thermostat','bathroom','sem','bosch','bosch1234','wifi',241),
	('ryan','thermostat','bedroom','nulla','bosch','bosch999','zigbee',242),
	('ryan','simple_light','kitchen','est.','bosch','bosch007','wifi',243),
	('ryan','simple_light','den','Donec','bosch','bosch1234','zigbee',244),
	('ryan','simple_light','bathroom','semper','bosch','bosch999','wifi',245),
	('ryan','radio','bedroom','Mauris','bosch','bosch007','zigbee',246),
	('ryan','radio','kitchen','Duis','bosch','bosch1234','wifi',247),
	('ryan','radio','den','vel','bosch','bosch999','zigbee',248),
	('ryan','thermostat','bathroom','a,','bosch','bosch007','wifi',249),
	('ryan','thermostat','bedroom','Nam','bosch','bosch1234','zigbee',250),
	('ryan','thermostat','kitchen','faucibus.','bosch','bosch999','wifi',251),
	('ryan','simple_light','den','est','bosch','bosch007','zigbee',252),
	('ryan','simple_light','bathroom','Suspendisse','bosch','bosch1234','wifi',253),
	('ryan','simple_light','bedroom','lorem,','bosch','bosch999','zigbee',254),
	('ryan','radio','kitchen','Nulla','bosch','bosch007','wifi',255),
	('ryan','radio','den','sem,','bosch','bosch1234','zigbee',256),
	('ryan','radio','bathroom','ullamcorper','bosch','bosch999','wifi',257),
	('ryan','thermostat','bedroom','et,','bosch','bosch007','zigbee',258),
	('ryan','thermostat','kitchen','auctor','bosch','bosch1234','wifi',259),
	('ryan','thermostat','den','in,','bosch','bosch999','zigbee',260),
	('ryan','simple_light','bathroom','feugiat','bosch','bosch007','wifi',261),
	('ryan','simple_light','bedroom','consectetuer','bosch','bosch1234','zigbee',262),
	('ryan','simple_light','kitchen','pede,','bosch','bosch999','wifi',263),
	('ryan','radio','den','quis','bosch','bosch007','zigbee',264),
	('ryan','radio','bathroom','mattis','bosch','bosch1234','wifi',265),
	('ryan','radio','bedroom','metus','bosch','bosch999','zigbee',266),
	('ryan','thermostat','kitchen','sociis','bosch','bosch007','wifi',267),
	('ryan','thermostat','den','Maecenas','bosch','bosch1234','zigbee',268),
	('ryan','thermostat','bathroom','scelerisque','bosch','bosch999','wifi',269),
	('ryan','simple_light','bedroom','sit','bosch','bosch007','zigbee',270),
	('ryan','simple_light','kitchen','iaculis','bosch','bosch1234','wifi',271),
	('ryan','simple_light','den','augue','bosch','bosch999','zigbee',272),
	('ryan','radio','bathroom','magna','bosch','bosch007','wifi',273),
	('ryan','radio','bedroom','euismod','bosch','bosch1234','zigbee',274),
	('ryan','radio','kitchen','consequat','bosch','bosch999','wifi',275),
	('ryan','thermostat','den','Curabitur','bosch','bosch007','zigbee',276),
	('ryan','thermostat','bathroom','in','bosch','bosch1234','wifi',277),
	('ryan','thermostat','bedroom','Donec','bosch','bosch999','zigbee',278),
	('ryan','simple_light','kitchen','ornare.','bosch','bosch007','wifi',279),
	('ryan','simple_light','den','sapien.','bosch','bosch1234','zigbee',280),
	('ryan','simple_light','bathroom','dui.','bosch','bosch999','wifi',281),
	('ryan','radio','bedroom','sit','bosch','bosch007','zigbee',282),
	('ryan','radio','kitchen','lobortis','bosch','bosch1234','wifi',283),
	('ryan','radio','den','vitae','bosch','bosch999','zigbee',284),
	('ryan','thermostat','bathroom','elit,','bosch','bosch007','wifi',285),
	('ryan','thermostat','bedroom','id,','bosch','bosch1234','zigbee',286),
	('ryan','thermostat','kitchen','tellus','bosch','bosch999','wifi',287),
	('ryan','simple_light','den','massa.','bosch','bosch007','zigbee',288),
	('ryan','simple_light','bathroom','velit','bosch','bosch1234','wifi',289),
	('ryan','simple_light','bedroom','sed,','bosch','bosch999','zigbee',290),
	('ryan','radio','kitchen','pede','bosch','bosch007','wifi',291),
	('ryan','radio','den','interdum','bosch','bosch1234','zigbee',292),
	('ryan','radio','bathroom','dictum','bosch','bosch999','wifi',293),
	('ryan','thermostat','bedroom','Aliquam','bosch','bosch007','zigbee',294),
	('ryan','thermostat','kitchen','pede,','bosch','bosch1234','wifi',295),
	('ryan','thermostat','den','consectetuer','bosch','bosch999','zigbee',296),
	('ryan','simple_light','bathroom','dictum','bosch','bosch007','wifi',297),
	('ryan','simple_light','bedroom','mi','bosch','bosch1234','zigbee',298),
	('ryan','simple_light','kitchen','Cras','bosch','bosch999','wifi',299),
	('ryan','radio','den','mollis','bosch','bosch007','zigbee',300),
	('ryan','radio','bathroom','libero.','bosch','bosch1234','wifi',301),
	('ryan','radio','bedroom','magna','bosch','bosch999','zigbee',302),
	('ryan','thermostat','kitchen','magna.','bosch','bosch007','wifi',303),
	('ryan','thermostat','den','non','bosch','bosch1234','zigbee',304),
	('ryan','thermostat','bathroom','Sed','bosch','bosch999','wifi',305),
	('ryan','simple_light','bedroom','Proin','bosch','bosch007','zigbee',306),
	('ryan','simple_light','kitchen','pede.','bosch','bosch1234','wifi',307),
	('ryan','simple_light','den','dui.','bosch','bosch999','zigbee',308),
	('ryan','radio','bathroom','eu','bosch','bosch007','wifi',309),
	('ryan','radio','bedroom','vel','bosch','bosch1234','zigbee',310),
	('ryan','radio','kitchen','nisi.','bosch','bosch999','wifi',311),
	('ryan','thermostat','den','arcu.','bosch','bosch007','zigbee',312),
	('ryan','thermostat','bathroom','odio','bosch','bosch1234','wifi',313),
	('ryan','thermostat','bedroom','iaculis','bosch','bosch999','zigbee',314),
	('ryan','simple_light','kitchen','velit','bosch','bosch007','wifi',315),
	('ryan','simple_light','den','Quisque','bosch','bosch1234','zigbee',316),
	('ryan','simple_light','bathroom','ut','bosch','bosch999','wifi',317),
	('ryan','radio','bedroom','ligula.','bosch','bosch007','zigbee',318),
	('ryan','radio','kitchen','mauris','bosch','bosch1234','wifi',319),
	('ryan','radio','den','tortor','bosch','bosch999','zigbee',320),
	('ryan','thermostat','bathroom','nibh','bosch','bosch007','wifi',321),
	('ryan','thermostat','bedroom','sociis','bosch','bosch1234','zigbee',322),
	('ryan','thermostat','kitchen','Quisque','bosch','bosch999','wifi',323),
	('ryan','simple_light','den','erat.','bosch','bosch007','zigbee',324),
	('ryan','simple_light','bathroom','commodo','bosch','bosch1234','wifi',325),
	('ryan','simple_light','bedroom','dapibus','bosch','bosch999','zigbee',326),
	('ryan','radio','kitchen','tellus.','bosch','bosch007','wifi',327),
	('ryan','radio','den','aliquet.','bosch','bosch1234','zigbee',328),
	('ryan','radio','bathroom','sagittis','bosch','bosch999','wifi',329),
	('ryan','thermostat','bedroom','amet,','bosch','bosch007','zigbee',330),
	('ryan','thermostat','kitchen','ac,','bosch','bosch1234','wifi',331),
	('ryan','thermostat','den','a','bosch','bosch999','zigbee',332),
	('ryan','simple_light','bathroom','sem.','bosch','bosch007','wifi',333),
	('ryan','simple_light','bedroom','Nunc','bosch','bosch1234','zigbee',334),
	('ryan','simple_light','kitchen','accumsan','bosch','bosch999','wifi',335),
	('ryan','radio','den','tempus','bosch','bosch007','zigbee',336),
	('ryan','radio','bathroom','libero','bosch','bosch007','wifi',337),
	('ryan','radio','bedroom','aliquam','bosch','bosch1234','zigbee',338),
	('ryan','radio','kitchen','sociis','bosch','bosch999','wifi',339),
	('ryan','thermostat','den','pede,','bosch','bosch007','zigbee',340),
	('ryan','thermostat','bathroom','sem','bosch','bosch1234','wifi',341),
	('ryan','thermostat','bedroom','nulla','bosch','bosch999','zigbee',342),
	('ryan','simple_light','kitchen','est.','bosch','bosch007','wifi',343),
	('ryan','simple_light','den','Donec','bosch','bosch1234','zigbee',344),
	('ryan','simple_light','bathroom','semper','bosch','bosch999','wifi',345),
	('ryan','radio','bedroom','Mauris','bosch','bosch007','zigbee',346),
	('ryan','radio','kitchen','Duis','bosch','bosch1234','wifi',347),
	('ryan','radio','den','vel','bosch','bosch999','zigbee',348),
	('ryan','thermostat','bathroom','a,','bosch','bosch007','wifi',349),
	('ryan','thermostat','bedroom','Nam','bosch','bosch1234','zigbee',350),
	('ryan','thermostat','kitchen','faucibus.','bosch','bosch999','wifi',351),
	('ryan','simple_light','den','est','bosch','bosch007','zigbee',352),
	('ryan','simple_light','bathroom','Suspendisse','bosch','bosch1234','wifi',353),
	('ryan','simple_light','bedroom','lorem,','bosch','bosch999','zigbee',354),
	('ryan','radio','kitchen','Nulla','bosch','bosch007','wifi',355),
	('ryan','radio','den','sem,','bosch','bosch1234','zigbee',356),
	('ryan','radio','bathroom','ullamcorper','bosch','bosch999','wifi',357),
	('ryan','thermostat','bedroom','et,','bosch','bosch007','zigbee',358),
	('ryan','thermostat','kitchen','auctor','bosch','bosch1234','wifi',359),
	('ryan','thermostat','den','in,','bosch','bosch999','zigbee',360),
	('ryan','simple_light','bathroom','feugiat','bosch','bosch007','wifi',361),
	('ryan','simple_light','bedroom','consectetuer','bosch','bosch1234','zigbee',362),
	('ryan','simple_light','kitchen','pede,','bosch','bosch999','wifi',363),
	('ryan','radio','den','quis','bosch','bosch007','zigbee',364),
	('ryan','radio','bathroom','mattis','bosch','bosch1234','wifi',365),
	('ryan','radio','bedroom','metus','bosch','bosch999','zigbee',366),
	('ryan','thermostat','kitchen','sociis','bosch','bosch007','wifi',367),
	('ryan','thermostat','den','Maecenas','bosch','bosch1234','zigbee',368),
	('ryan','thermostat','bathroom','scelerisque','bosch','bosch999','wifi',369),
	('ryan','simple_light','bedroom','sit','bosch','bosch007','zigbee',370),
	('ryan','simple_light','kitchen','iaculis','bosch','bosch1234','wifi',371),
	('ryan','simple_light','den','augue','bosch','bosch999','zigbee',372),
	('ryan','radio','bathroom','magna','bosch','bosch007','wifi',373),
	('ryan','radio','bedroom','euismod','bosch','bosch1234','zigbee',374),
	('ryan','radio','kitchen','consequat','bosch','bosch999','wifi',375),
	('ryan','thermostat','den','Curabitur','bosch','bosch007','zigbee',376),
	('ryan','thermostat','bathroom','in','bosch','bosch1234','wifi',377),
	('ryan','thermostat','bedroom','Donec','bosch','bosch999','zigbee',378),
	('ryan','simple_light','kitchen','ornare.','bosch','bosch007','wifi',379),
	('ryan','simple_light','den','sapien.','bosch','bosch1234','zigbee',380),
	('ryan','simple_light','bathroom','dui.','bosch','bosch999','wifi',381),
	('ryan','radio','bedroom','sit','bosch','bosch007','zigbee',382),
	('ryan','radio','kitchen','lobortis','bosch','bosch1234','wifi',383),
	('ryan','radio','den','vitae','bosch','bosch999','zigbee',384),
	('ryan','thermostat','bathroom','elit,','bosch','bosch007','wifi',385),
	('ryan','thermostat','bedroom','id,','bosch','bosch1234','zigbee',386),
	('ryan','thermostat','kitchen','tellus','bosch','bosch999','wifi',387),
	('ryan','simple_light','den','massa.','bosch','bosch007','zigbee',388),
	('ryan','simple_light','bathroom','velit','bosch','bosch1234','wifi',389),
	('ryan','simple_light','bedroom','sed,','bosch','bosch999','zigbee',390),
	('ryan','radio','kitchen','pede','bosch','bosch007','wifi',391),
	('ryan','radio','den','interdum','bosch','bosch1234','zigbee',392),
	('ryan','radio','bathroom','dictum','bosch','bosch999','wifi',393),
	('ryan','thermostat','bedroom','Aliquam','bosch','bosch007','zigbee',394),
	('ryan','thermostat','kitchen','pede,','bosch','bosch1234','wifi',395),
	('ryan','thermostat','den','consectetuer','bosch','bosch999','zigbee',396),
	('ryan','simple_light','bathroom','dictum','bosch','bosch007','wifi',397),
	('ryan','simple_light','bedroom','mi','bosch','bosch1234','zigbee',398),
	('ryan','simple_light','kitchen','Cras','bosch','bosch999','wifi',399),
	('ryan','radio','den','mollis','bosch','bosch007','zigbee',400),
	('ryan','radio','bathroom','libero.','bosch','bosch1234','wifi',401),
	('ryan','radio','bedroom','magna','bosch','bosch999','zigbee',402),
	('ryan','thermostat','kitchen','magna.','bosch','bosch007','wifi',403),
	('ryan','thermostat','den','non','bosch','bosch1234','zigbee',404),
	('ryan','thermostat','bathroom','Sed','bosch','bosch999','wifi',405),
	('ryan','simple_light','bedroom','Proin','bosch','bosch007','zigbee',406),
	('ryan','simple_light','kitchen','pede.','bosch','bosch1234','wifi',407),
	('ryan','simple_light','den','dui.','bosch','bosch999','zigbee',408),
	('ryan','radio','bathroom','eu','bosch','bosch007','wifi',409),
	('ryan','radio','bedroom','vel','bosch','bosch1234','zigbee',410),
	('ryan','radio','kitchen','nisi.','bosch','bosch999','wifi',411),
	('ryan','thermostat','den','arcu.','bosch','bosch007','zigbee',412),
	('ryan','thermostat','bathroom','odio','bosch','bosch1234','wifi',413),
	('ryan','thermostat','bedroom','iaculis','bosch','bosch999','zigbee',414),
	('ryan','simple_light','kitchen','velit','bosch','bosch007','wifi',415),
	('ryan','simple_light','den','Quisque','bosch','bosch1234','zigbee',416),
	('ryan','simple_light','bathroom','ut','bosch','bosch999','wifi',417),
	('ryan','radio','bedroom','ligula.','bosch','bosch007','zigbee',418),
	('ryan','radio','kitchen','mauris','bosch','bosch1234','wifi',419),
	('ryan','radio','den','tortor','bosch','bosch999','zigbee',420),
	('ryan','thermostat','bathroom','nibh','bosch','bosch007','wifi',421),
	('ryan','thermostat','bedroom','sociis','bosch','bosch1234','zigbee',422),
	('ryan','thermostat','kitchen','Quisque','bosch','bosch999','wifi',423),
	('ryan','simple_light','den','erat.','bosch','bosch007','zigbee',424),
	('ryan','simple_light','bathroom','commodo','bosch','bosch1234','wifi',425),
	('ryan','simple_light','bedroom','dapibus','bosch','bosch999','zigbee',426),
	('ryan','radio','kitchen','tellus.','bosch','bosch007','wifi',427),
	('ryan','radio','den','aliquet.','bosch','bosch1234','zigbee',428),
	('ryan','radio','bathroom','sagittis','bosch','bosch999','wifi',429),
	('ryan','thermostat','bedroom','amet,','bosch','bosch007','zigbee',430),
	('ryan','thermostat','kitchen','ac,','bosch','bosch1234','wifi',431),
	('ryan','thermostat','den','a','bosch','bosch999','zigbee',432),
	('ryan','simple_light','bathroom','sem.','bosch','bosch007','wifi',433),
	('ryan','simple_light','bedroom','Nunc','bosch','bosch1234','zigbee',434),
	('ryan','simple_light','kitchen','accumsan','bosch','bosch999','wifi',435),
	('ryan','radio','den','tempus','bosch','bosch007','zigbee',436),
	('ryan','radio','bathroom','ligula','bosch','bosch007','wifi',437),
	('ryan','radio','bedroom','magnis','bosch','bosch1234','zigbee',438),
	('ryan','radio','kitchen','Nulla','bosch','bosch999','wifi',439),
	('ryan','thermostat','den','nulla','bosch','bosch007','zigbee',440),
	('ryan','thermostat','bathroom','eu','bosch','bosch1234','wifi',441),
	('ryan','thermostat','bedroom','Integer','bosch','bosch999','zigbee',442),
	('ryan','simple_light','kitchen','Integer','bosch','bosch007','wifi',443),
	('ryan','simple_light','den','eleifend','bosch','bosch1234','zigbee',444),
	('ryan','simple_light','bathroom','pulvinar','bosch','bosch999','wifi',445),
	('ryan','radio','bedroom','feugiat','bosch','bosch007','zigbee',446),
	('ryan','radio','kitchen','a,','bosch','bosch1234','wifi',447),
	('ryan','radio','den','luctus','bosch','bosch999','zigbee',448),
	('ryan','thermostat','bathroom','aliquam','bosch','bosch007','wifi',449),
	('ryan','thermostat','bedroom','ridiculus','bosch','bosch1234','zigbee',450),
	('ryan','thermostat','kitchen','ac','bosch','bosch999','wifi',451),
	('ryan','simple_light','den','pharetra','bosch','bosch007','zigbee',452),
	('ryan','simple_light','bathroom','turpis.','bosch','bosch1234','wifi',453),
	('ryan','simple_light','bedroom','luctus','bosch','bosch999','zigbee',454),
	('ryan','radio','kitchen','mauris','bosch','bosch007','wifi',455),
	('ryan','radio','den','ut','bosch','bosch1234','zigbee',456),
	('ryan','radio','bathroom','viverra.','bosch','bosch999','wifi',457),
	('ryan','thermostat','bedroom','dolor','bosch','bosch007','zigbee',458),
	('ryan','thermostat','kitchen','dis','bosch','bosch1234','wifi',459),
	('ryan','thermostat','den','turpis.','bosch','bosch999','zigbee',460),
	('ryan','simple_light','bathroom','ante.','bosch','bosch007','wifi',461),
	('ryan','simple_light','bedroom','felis,','bosch','bosch1234','zigbee',462),
	('ryan','simple_light','kitchen','nostra,','bosch','bosch999','wifi',463),
	('ryan','radio','den','dictum','bosch','bosch007','zigbee',464),
	('ryan','radio','bathroom','nunc,','bosch','bosch1234','wifi',465),
	('ryan','radio','bedroom','risus.','bosch','bosch999','zigbee',466),
	('ryan','thermostat','kitchen','ornare,','bosch','bosch007','wifi',467),
	('ryan','thermostat','den','Aenean','bosch','bosch1234','zigbee',468),
	('ryan','thermostat','bathroom','rhoncus.','bosch','bosch999','wifi',469),
	('ryan','simple_light','bedroom','aliquam','bosch','bosch007','zigbee',470),
	('ryan','simple_light','kitchen','tempus','bosch','bosch1234','wifi',471),
	('ryan','simple_light','den','cursus','bosch','bosch999','zigbee',472),
	('ryan','radio','bathroom','Ut','bosch','bosch007','wifi',473),
	('ryan','radio','bedroom','enim','bosch','bosch1234','zigbee',474),
	('ryan','radio','kitchen','hendrerit.','bosch','bosch999','wifi',475),
	('ryan','thermostat','den','rutrum','bosch','bosch007','zigbee',476),
	('ryan','thermostat','bathroom','turpis','bosch','bosch1234','wifi',477),
	('ryan','thermostat','bedroom','vitae,','bosch','bosch999','zigbee',478),
	('ryan','simple_light','kitchen','placerat','bosch','bosch007','wifi',479),
	('ryan','simple_light','den','orci','bosch','bosch1234','zigbee',480),
	('ryan','simple_light','bathroom','et','bosch','bosch999','wifi',481),
	('ryan','radio','bedroom','turpis','bosch','bosch007','zigbee',482),
	('ryan','radio','kitchen','dui','bosch','bosch1234','wifi',483),
	('ryan','radio','den','tellus,','bosch','bosch999','zigbee',484),
	('ryan','thermostat','bathroom','semper','bosch','bosch007','wifi',485),
	('ryan','thermostat','bedroom','fringilla','bosch','bosch1234','zigbee',486),
	('ryan','thermostat','kitchen','arcu','bosch','bosch999','wifi',487),
	('ryan','simple_light','den','mattis','bosch','bosch007','zigbee',488),
	('ryan','simple_light','bathroom','per','bosch','bosch1234','wifi',489),
	('ryan','simple_light','bedroom','elit','bosch','bosch999','zigbee',490),
	('ryan','radio','kitchen','pellentesque','bosch','bosch007','wifi',491),
	('ryan','radio','den','Sed','bosch','bosch1234','zigbee',492),
	('ryan','radio','bathroom','elit,','bosch','bosch999','wifi',493),
	('ryan','thermostat','bedroom','id','bosch','bosch007','zigbee',494),
	('ryan','thermostat','kitchen','conubia','bosch','bosch1234','wifi',495),
	('ryan','thermostat','den','ligula.','bosch','bosch999','zigbee',496),
	('ryan','simple_light','bathroom','vestibulum.','bosch','bosch007','wifi',497),
	('ryan','simple_light','bedroom','lorem','bosch','bosch1234','zigbee',498),
	('ryan','simple_light','kitchen','auctor','bosch','bosch999','wifi',499),
	('ryan','radio','den','blandit','bosch','bosch007','zigbee',500),
	('ryan','radio','bathroom','aliquet.','bosch','bosch1234','wifi',501),
	('ryan','radio','bedroom','ultrices.','bosch','bosch999','zigbee',502),
	('ryan','thermostat','kitchen','nonummy.','bosch','bosch007','wifi',503),
	('ryan','thermostat','den','ullamcorper','bosch','bosch1234','zigbee',504),
	('ryan','thermostat','bathroom','mattis','bosch','bosch999','wifi',505),
	('ryan','simple_light','bedroom','Integer','bosch','bosch007','zigbee',506),
	('ryan','simple_light','kitchen','sit','bosch','bosch1234','wifi',507),
	('ryan','simple_light','den','dolor.','bosch','bosch999','zigbee',508),
	('ryan','radio','bathroom','Fusce','bosch','bosch007','wifi',509),
	('ryan','radio','bedroom','tristique','bosch','bosch1234','zigbee',510),
	('ryan','radio','kitchen','sed,','bosch','bosch999','wifi',511),
	('ryan','thermostat','den','dictum','bosch','bosch007','zigbee',512),
	('ryan','thermostat','bathroom','egestas','bosch','bosch1234','wifi',513),
	('ryan','thermostat','bedroom','dictum','bosch','bosch999','zigbee',514),
	('ryan','simple_light','kitchen','Integer','bosch','bosch007','wifi',515),
	('ryan','simple_light','den','elit,','bosch','bosch1234','zigbee',516),
	('ryan','simple_light','bathroom','consequat','bosch','bosch999','wifi',517),
	('ryan','radio','bedroom','ut,','bosch','bosch007','zigbee',518),
	('ryan','radio','kitchen','dolor.','bosch','bosch1234','wifi',519),
	('ryan','radio','den','dui','bosch','bosch999','zigbee',520),
	('ryan','thermostat','bathroom','pede','bosch','bosch007','wifi',521),
	('ryan','thermostat','bedroom','Donec','bosch','bosch1234','zigbee',522),
	('ryan','thermostat','kitchen','arcu.','bosch','bosch999','wifi',523),
	('ryan','simple_light','den','ullamcorper','bosch','bosch007','zigbee',524),
	('ryan','simple_light','bathroom','Curabitur','bosch','bosch1234','wifi',525),
	('ryan','simple_light','bedroom','ullamcorper.','bosch','bosch999','zigbee',526),
	('ryan','radio','kitchen','bibendum','bosch','bosch007','wifi',527),
	('ryan','radio','den','Sed','bosch','bosch1234','zigbee',528),
	('ryan','radio','bathroom','Nullam','bosch','bosch999','wifi',529),
	('ryan','thermostat','bedroom','nisl','bosch','bosch007','zigbee',530),
	('ryan','thermostat','kitchen','Nulla','bosch','bosch1234','wifi',531),
	('ryan','thermostat','den','neque','bosch','bosch999','zigbee',532),
	('ryan','simple_light','bathroom','imperdiet','bosch','bosch007','wifi',533),
	('ryan','simple_light','bedroom','fermentum','bosch','bosch1234','zigbee',534),
	('ryan','simple_light','kitchen','semper,','bosch','bosch999','wifi',535),
	('ryan','radio','den','eu,','bosch','bosch007','zigbee',536),
	('ryan','radio','bathroom','ligula','bosch','bosch007','wifi',537),
	('ryan','radio','bedroom','magnis','bosch','bosch1234','zigbee',538),
	('ryan','radio','kitchen','Nulla','bosch','bosch999','wifi',539),
	('ryan','thermostat','den','nulla','bosch','bosch007','zigbee',540),
	('ryan','thermostat','bathroom','eu','bosch','bosch1234','wifi',541),
	('ryan','thermostat','bedroom','Integer','bosch','bosch999','zigbee',542),
	('ryan','simple_light','kitchen','Integer','bosch','bosch007','wifi',543),
	('ryan','simple_light','den','eleifend','bosch','bosch1234','zigbee',544),
	('ryan','simple_light','bathroom','pulvinar','bosch','bosch999','wifi',545),
	('ryan','radio','bedroom','feugiat','bosch','bosch007','zigbee',546),
	('ryan','radio','kitchen','a,','bosch','bosch1234','wifi',547),
	('ryan','radio','den','luctus','bosch','bosch999','zigbee',548),
	('ryan','thermostat','bathroom','aliquam','bosch','bosch007','wifi',549),
	('ryan','thermostat','bedroom','ridiculus','bosch','bosch1234','zigbee',550),
	('ryan','thermostat','kitchen','ac','bosch','bosch999','wifi',551),
	('ryan','simple_light','den','pharetra','bosch','bosch007','zigbee',552),
	('ryan','simple_light','bathroom','turpis.','bosch','bosch1234','wifi',553),
	('ryan','simple_light','bedroom','luctus','bosch','bosch999','zigbee',554),
	('ryan','radio','kitchen','mauris','bosch','bosch007','wifi',555),
	('ryan','radio','den','ut','bosch','bosch1234','zigbee',556),
	('ryan','radio','bathroom','viverra.','bosch','bosch999','wifi',557),
	('ryan','thermostat','bedroom','dolor','bosch','bosch007','zigbee',558),
	('ryan','thermostat','kitchen','dis','bosch','bosch1234','wifi',559),
	('ryan','thermostat','den','turpis.','bosch','bosch999','zigbee',560),
	('ryan','simple_light','bathroom','ante.','bosch','bosch007','wifi',561),
	('ryan','simple_light','bedroom','felis,','bosch','bosch1234','zigbee',562),
	('ryan','simple_light','kitchen','nostra,','bosch','bosch999','wifi',563),
	('ryan','radio','den','dictum','bosch','bosch007','zigbee',564),
	('ryan','radio','bathroom','nunc,','bosch','bosch1234','wifi',565),
	('ryan','radio','bedroom','risus.','bosch','bosch999','zigbee',566),
	('ryan','thermostat','kitchen','ornare,','bosch','bosch007','wifi',567),
	('ryan','thermostat','den','Aenean','bosch','bosch1234','zigbee',568),
	('ryan','thermostat','bathroom','rhoncus.','bosch','bosch999','wifi',569),
	('ryan','simple_light','bedroom','aliquam','bosch','bosch007','zigbee',570),
	('ryan','simple_light','kitchen','tempus','bosch','bosch1234','wifi',571),
	('ryan','simple_light','den','cursus','bosch','bosch999','zigbee',572),
	('ryan','radio','bathroom','Ut','bosch','bosch007','wifi',573),
	('ryan','radio','bedroom','enim','bosch','bosch1234','zigbee',574),
	('ryan','radio','kitchen','hendrerit.','bosch','bosch999','wifi',575),
	('ryan','thermostat','den','rutrum','bosch','bosch007','zigbee',576),
	('ryan','thermostat','bathroom','turpis','bosch','bosch1234','wifi',577),
	('ryan','thermostat','bedroom','vitae,','bosch','bosch999','zigbee',578),
	('ryan','simple_light','kitchen','placerat','bosch','bosch007','wifi',579),
	('ryan','simple_light','den','orci','bosch','bosch1234','zigbee',580),
	('ryan','simple_light','bathroom','et','bosch','bosch999','wifi',581),
	('ryan','radio','bedroom','turpis','bosch','bosch007','zigbee',582),
	('ryan','radio','kitchen','dui','bosch','bosch1234','wifi',583),
	('ryan','radio','den','tellus,','bosch','bosch999','zigbee',584),
	('ryan','thermostat','bathroom','semper','bosch','bosch007','wifi',585),
	('ryan','thermostat','bedroom','fringilla','bosch','bosch1234','zigbee',586),
	('ryan','thermostat','kitchen','arcu','bosch','bosch999','wifi',587),
	('ryan','simple_light','den','mattis','bosch','bosch007','zigbee',588),
	('ryan','simple_light','bathroom','per','bosch','bosch1234','wifi',589),
	('ryan','simple_light','bedroom','elit','bosch','bosch999','zigbee',590),
	('ryan','radio','kitchen','pellentesque','bosch','bosch007','wifi',591),
	('ryan','radio','den','Sed','bosch','bosch1234','zigbee',592),
	('ryan','radio','bathroom','elit,','bosch','bosch999','wifi',593),
	('ryan','thermostat','bedroom','id','bosch','bosch007','zigbee',594),
	('ryan','thermostat','kitchen','conubia','bosch','bosch1234','wifi',595),
	('ryan','thermostat','den','ligula.','bosch','bosch999','zigbee',596),
	('ryan','simple_light','bathroom','vestibulum.','bosch','bosch007','wifi',597),
	('ryan','simple_light','bedroom','lorem','bosch','bosch1234','zigbee',598),
	('ryan','simple_light','kitchen','auctor','bosch','bosch999','wifi',599),
	('ryan','radio','den','blandit','bosch','bosch007','zigbee',600),
	('ryan','radio','bathroom','aliquet.','bosch','bosch1234','wifi',601),
	('ryan','radio','bedroom','ultrices.','bosch','bosch999','zigbee',602),
	('ryan','thermostat','kitchen','nonummy.','bosch','bosch007','wifi',603),
	('ryan','thermostat','den','ullamcorper','bosch','bosch1234','zigbee',604),
	('ryan','thermostat','bathroom','mattis','bosch','bosch999','wifi',605),
	('ryan','simple_light','bedroom','Integer','bosch','bosch007','zigbee',606),
	('ryan','simple_light','kitchen','sit','bosch','bosch1234','wifi',607),
	('ryan','simple_light','den','dolor.','bosch','bosch999','zigbee',608),
	('ryan','radio','bathroom','Fusce','bosch','bosch007','wifi',609),
	('ryan','radio','bedroom','tristique','bosch','bosch1234','zigbee',610),
	('ryan','radio','kitchen','sed,','bosch','bosch999','wifi',611),
	('ryan','thermostat','den','dictum','bosch','bosch007','zigbee',612),
	('ryan','thermostat','bathroom','egestas','bosch','bosch1234','wifi',613),
	('ryan','thermostat','bedroom','dictum','bosch','bosch999','zigbee',614),
	('ryan','simple_light','kitchen','Integer','bosch','bosch007','wifi',615),
	('ryan','simple_light','den','elit,','bosch','bosch1234','zigbee',616),
	('ryan','simple_light','bathroom','consequat','bosch','bosch999','wifi',617),
	('ryan','radio','bedroom','ut,','bosch','bosch007','zigbee',618),
	('ryan','radio','kitchen','dolor.','bosch','bosch1234','wifi',619),
	('ryan','radio','den','dui','bosch','bosch999','zigbee',620),
	('ryan','thermostat','bathroom','pede','bosch','bosch007','wifi',621),
	('ryan','thermostat','bedroom','Donec','bosch','bosch1234','zigbee',622),
	('ryan','thermostat','kitchen','arcu.','bosch','bosch999','wifi',623),
	('ryan','simple_light','den','ullamcorper','bosch','bosch007','zigbee',624),
	('ryan','simple_light','bathroom','Curabitur','bosch','bosch1234','wifi',625),
	('ryan','simple_light','bedroom','ullamcorper.','bosch','bosch999','zigbee',626),
	('ryan','radio','kitchen','bibendum','bosch','bosch007','wifi',627),
	('ryan','radio','den','Sed','bosch','bosch1234','zigbee',628),
	('ryan','radio','bathroom','Nullam','bosch','bosch999','wifi',629),
	('ryan','thermostat','bedroom','nisl','bosch','bosch007','zigbee',630),
	('ryan','thermostat','kitchen','Nulla','bosch','bosch1234','wifi',631),
	('ryan','thermostat','den','neque','bosch','bosch999','zigbee',632),
	('ryan','simple_light','bathroom','imperdiet','bosch','bosch007','wifi',633),
	('ryan','simple_light','bedroom','fermentum','bosch','bosch1234','zigbee',634),
	('ryan','simple_light','kitchen','semper,','bosch','bosch999','wifi',635),
	('ryan','radio','den','eu,','bosch','bosch007','zigbee',636),
	('ryan','radio','bathroom','ligula','bosch','bosch007','wifi',637),
	('ryan','radio','bedroom','magnis','bosch','bosch1234','zigbee',638),
	('ryan','radio','kitchen','Nulla','bosch','bosch999','wifi',639),
	('ryan','thermostat','den','nulla','bosch','bosch007','zigbee',640),
	('ryan','thermostat','bathroom','eu','bosch','bosch1234','wifi',641),
	('ryan','thermostat','bedroom','Integer','bosch','bosch999','zigbee',642),
	('ryan','simple_light','kitchen','Integer','bosch','bosch007','wifi',643),
	('ryan','simple_light','den','eleifend','bosch','bosch1234','zigbee',644),
	('ryan','simple_light','bathroom','pulvinar','bosch','bosch999','wifi',645),
	('ryan','radio','bedroom','feugiat','bosch','bosch007','zigbee',646),
	('ryan','radio','kitchen','a,','bosch','bosch1234','wifi',647),
	('ryan','radio','den','luctus','bosch','bosch999','zigbee',648),
	('ryan','thermostat','bathroom','aliquam','bosch','bosch007','wifi',649),
	('ryan','thermostat','bedroom','ridiculus','bosch','bosch1234','zigbee',650),
	('ryan','thermostat','kitchen','ac','bosch','bosch999','wifi',651),
	('ryan','simple_light','den','pharetra','bosch','bosch007','zigbee',652),
	('ryan','simple_light','bathroom','turpis.','bosch','bosch1234','wifi',653),
	('ryan','simple_light','bedroom','luctus','bosch','bosch999','zigbee',654),
	('ryan','radio','kitchen','mauris','bosch','bosch007','wifi',655),
	('ryan','radio','den','ut','bosch','bosch1234','zigbee',656),
	('ryan','radio','bathroom','viverra.','bosch','bosch999','wifi',657),
	('ryan','thermostat','bedroom','dolor','bosch','bosch007','zigbee',658),
	('ryan','thermostat','kitchen','dis','bosch','bosch1234','wifi',659),
	('ryan','thermostat','den','turpis.','bosch','bosch999','zigbee',660),
	('ryan','simple_light','bathroom','ante.','bosch','bosch007','wifi',661),
	('ryan','simple_light','bedroom','felis,','bosch','bosch1234','zigbee',662),
	('ryan','simple_light','kitchen','nostra,','bosch','bosch999','wifi',663),
	('ryan','radio','den','dictum','bosch','bosch007','zigbee',664),
	('ryan','radio','bathroom','nunc,','bosch','bosch1234','wifi',665),
	('ryan','radio','bedroom','risus.','bosch','bosch999','zigbee',666),
	('ryan','thermostat','kitchen','ornare,','bosch','bosch007','wifi',667),
	('ryan','thermostat','den','Aenean','bosch','bosch1234','zigbee',668),
	('ryan','thermostat','bathroom','rhoncus.','bosch','bosch999','wifi',669),
	('ryan','simple_light','bedroom','aliquam','bosch','bosch007','zigbee',670),
	('ryan','simple_light','kitchen','tempus','bosch','bosch1234','wifi',671),
	('ryan','simple_light','den','cursus','bosch','bosch999','zigbee',672),
	('ryan','radio','bathroom','Ut','bosch','bosch007','wifi',673),
	('ryan','radio','bedroom','enim','bosch','bosch1234','zigbee',674),
	('ryan','radio','kitchen','hendrerit.','bosch','bosch999','wifi',675),
	('ryan','thermostat','den','rutrum','bosch','bosch007','zigbee',676),
	('ryan','thermostat','bathroom','turpis','bosch','bosch1234','wifi',677),
	('ryan','thermostat','bedroom','vitae,','bosch','bosch999','zigbee',678),
	('ryan','simple_light','kitchen','placerat','bosch','bosch007','wifi',679),
	('ryan','simple_light','den','orci','bosch','bosch1234','zigbee',680),
	('ryan','simple_light','bathroom','et','bosch','bosch999','wifi',681),
	('ryan','radio','bedroom','turpis','bosch','bosch007','zigbee',682),
	('ryan','radio','kitchen','dui','bosch','bosch1234','wifi',683),
	('ryan','radio','den','tellus,','bosch','bosch999','zigbee',684),
	('ryan','thermostat','bathroom','semper','bosch','bosch007','wifi',685),
	('ryan','thermostat','bedroom','fringilla','bosch','bosch1234','zigbee',686),
	('ryan','thermostat','kitchen','arcu','bosch','bosch999','wifi',687),
	('ryan','simple_light','den','mattis','bosch','bosch007','zigbee',688),
	('ryan','simple_light','bathroom','per','bosch','bosch1234','wifi',689),
	('ryan','simple_light','bedroom','elit','bosch','bosch999','zigbee',690),
	('ryan','radio','kitchen','pellentesque','bosch','bosch007','wifi',691),
	('ryan','radio','den','Sed','bosch','bosch1234','zigbee',692),
	('ryan','radio','bathroom','elit,','bosch','bosch999','wifi',693),
	('ryan','thermostat','bedroom','id','bosch','bosch007','zigbee',694),
	('ryan','thermostat','kitchen','conubia','bosch','bosch1234','wifi',695),
	('ryan','thermostat','den','ligula.','bosch','bosch999','zigbee',696),
	('ryan','simple_light','bathroom','vestibulum.','bosch','bosch007','wifi',697),
	('ryan','simple_light','bedroom','lorem','bosch','bosch1234','zigbee',698),
	('ryan','simple_light','kitchen','auctor','bosch','bosch999','wifi',699),
	('ryan','radio','den','blandit','bosch','bosch007','zigbee',700),
	('ryan','radio','bathroom','aliquet.','bosch','bosch1234','wifi',701),
	('ryan','radio','bedroom','ultrices.','bosch','bosch999','zigbee',702),
	('ryan','thermostat','kitchen','nonummy.','bosch','bosch007','wifi',703),
	('ryan','thermostat','den','ullamcorper','bosch','bosch1234','zigbee',704),
	('ryan','thermostat','bathroom','mattis','bosch','bosch999','wifi',705),
	('ryan','simple_light','bedroom','Integer','bosch','bosch007','zigbee',706),
	('ryan','simple_light','kitchen','sit','bosch','bosch1234','wifi',707),
	('ryan','simple_light','den','dolor.','bosch','bosch999','zigbee',708),
	('ryan','radio','bathroom','Fusce','bosch','bosch007','wifi',709),
	('ryan','radio','bedroom','tristique','bosch','bosch1234','zigbee',710),
	('ryan','radio','kitchen','sed,','bosch','bosch999','wifi',711),
	('ryan','thermostat','den','dictum','bosch','bosch007','zigbee',712),
	('ryan','thermostat','bathroom','egestas','bosch','bosch1234','wifi',713),
	('ryan','thermostat','bedroom','dictum','bosch','bosch999','zigbee',714),
	('ryan','simple_light','kitchen','Integer','bosch','bosch007','wifi',715),
	('ryan','simple_light','den','elit,','bosch','bosch1234','zigbee',716),
	('ryan','simple_light','bathroom','consequat','bosch','bosch999','wifi',717),
	('ryan','radio','bedroom','ut,','bosch','bosch007','zigbee',718),
	('ryan','radio','kitchen','dolor.','bosch','bosch1234','wifi',719),
	('ryan','radio','den','dui','bosch','bosch999','zigbee',720),
	('ryan','thermostat','bathroom','pede','bosch','bosch007','wifi',721),
	('ryan','thermostat','bedroom','Donec','bosch','bosch1234','zigbee',722),
	('ryan','thermostat','kitchen','arcu.','bosch','bosch999','wifi',723),
	('ryan','simple_light','den','ullamcorper','bosch','bosch007','zigbee',724),
	('ryan','simple_light','bathroom','Curabitur','bosch','bosch1234','wifi',725),
	('ryan','simple_light','bedroom','ullamcorper.','bosch','bosch999','zigbee',726),
	('ryan','radio','kitchen','bibendum','bosch','bosch007','wifi',727),
	('ryan','radio','den','Sed','bosch','bosch1234','zigbee',728),
	('ryan','radio','bathroom','Nullam','bosch','bosch999','wifi',729),
	('ryan','thermostat','bedroom','nisl','bosch','bosch007','zigbee',730),
	('ryan','thermostat','kitchen','Nulla','bosch','bosch1234','wifi',731),
	('ryan','thermostat','den','neque','bosch','bosch999','zigbee',732),
	('ryan','simple_light','bathroom','imperdiet','bosch','bosch007','wifi',733),
	('ryan','simple_light','bedroom','fermentum','bosch','bosch1234','zigbee',734),
	('ryan','simple_light','kitchen','semper,','bosch','bosch999','wifi',735),
	('ryan','radio','den','eu,','bosch','bosch007','zigbee',736),
	('ryan','radio','bathroom','ligula','bosch','bosch007','wifi',737),
	('ryan','radio','bedroom','magnis','bosch','bosch1234','zigbee',738),
	('ryan','radio','kitchen','Nulla','bosch','bosch999','wifi',739),
	('ryan','thermostat','den','nulla','bosch','bosch007','zigbee',740),
	('ryan','thermostat','bathroom','eu','bosch','bosch1234','wifi',741),
	('ryan','thermostat','bedroom','Integer','bosch','bosch999','zigbee',742),
	('ryan','simple_light','kitchen','Integer','bosch','bosch007','wifi',743),
	('ryan','simple_light','den','eleifend','bosch','bosch1234','zigbee',744),
	('ryan','simple_light','bathroom','pulvinar','bosch','bosch999','wifi',745),
	('ryan','radio','bedroom','feugiat','bosch','bosch007','zigbee',746),
	('ryan','radio','kitchen','a,','bosch','bosch1234','wifi',747),
	('ryan','radio','den','luctus','bosch','bosch999','zigbee',748),
	('ryan','thermostat','bathroom','aliquam','bosch','bosch007','wifi',749),
	('ryan','thermostat','bedroom','ridiculus','bosch','bosch1234','zigbee',750),
	('ryan','thermostat','kitchen','ac','bosch','bosch999','wifi',751),
	('ryan','simple_light','den','pharetra','bosch','bosch007','zigbee',752),
	('ryan','simple_light','bathroom','turpis.','bosch','bosch1234','wifi',753),
	('ryan','simple_light','bedroom','luctus','bosch','bosch999','zigbee',754),
	('ryan','radio','kitchen','mauris','bosch','bosch007','wifi',755),
	('ryan','radio','den','ut','bosch','bosch1234','zigbee',756),
	('ryan','radio','bathroom','viverra.','bosch','bosch999','wifi',757),
	('ryan','thermostat','bedroom','dolor','bosch','bosch007','zigbee',758),
	('ryan','thermostat','kitchen','dis','bosch','bosch1234','wifi',759),
	('ryan','thermostat','den','turpis.','bosch','bosch999','zigbee',760),
	('ryan','simple_light','bathroom','ante.','bosch','bosch007','wifi',761),
	('ryan','simple_light','bedroom','felis,','bosch','bosch1234','zigbee',762),
	('ryan','simple_light','kitchen','nostra,','bosch','bosch999','wifi',763),
	('ryan','radio','den','dictum','bosch','bosch007','zigbee',764),
	('ryan','radio','bathroom','nunc,','bosch','bosch1234','wifi',765),
	('ryan','radio','bedroom','risus.','bosch','bosch999','zigbee',766),
	('ryan','thermostat','kitchen','ornare,','bosch','bosch007','wifi',767),
	('ryan','thermostat','den','Aenean','bosch','bosch1234','zigbee',768),
	('ryan','thermostat','bathroom','rhoncus.','bosch','bosch999','wifi',769),
	('ryan','simple_light','bedroom','aliquam','bosch','bosch007','zigbee',770),
	('ryan','simple_light','kitchen','tempus','bosch','bosch1234','wifi',771),
	('ryan','simple_light','den','cursus','bosch','bosch999','zigbee',772),
	('ryan','radio','bathroom','Ut','bosch','bosch007','wifi',773),
	('ryan','radio','bedroom','enim','bosch','bosch1234','zigbee',774),
	('ryan','radio','kitchen','hendrerit.','bosch','bosch999','wifi',775),
	('ryan','thermostat','den','rutrum','bosch','bosch007','zigbee',776),
	('ryan','thermostat','bathroom','turpis','bosch','bosch1234','wifi',777),
	('ryan','thermostat','bedroom','vitae,','bosch','bosch999','zigbee',778),
	('ryan','simple_light','kitchen','placerat','bosch','bosch007','wifi',779),
	('ryan','simple_light','den','orci','bosch','bosch1234','zigbee',780),
	('ryan','simple_light','bathroom','et','bosch','bosch999','wifi',781),
	('ryan','radio','bedroom','turpis','bosch','bosch007','zigbee',782),
	('ryan','radio','kitchen','dui','bosch','bosch1234','wifi',783),
	('ryan','radio','den','tellus,','bosch','bosch999','zigbee',784),
	('ryan','thermostat','bathroom','semper','bosch','bosch007','wifi',785),
	('ryan','thermostat','bedroom','fringilla','bosch','bosch1234','zigbee',786),
	('ryan','thermostat','kitchen','arcu','bosch','bosch999','wifi',787),
	('ryan','simple_light','den','mattis','bosch','bosch007','zigbee',788),
	('ryan','simple_light','bathroom','per','bosch','bosch1234','wifi',789),
	('ryan','simple_light','bedroom','elit','bosch','bosch999','zigbee',790),
	('ryan','radio','kitchen','pellentesque','bosch','bosch007','wifi',791),
	('ryan','radio','den','Sed','bosch','bosch1234','zigbee',792),
	('ryan','radio','bathroom','elit,','bosch','bosch999','wifi',793),
	('ryan','thermostat','bedroom','id','bosch','bosch007','zigbee',794),
	('ryan','thermostat','kitchen','conubia','bosch','bosch1234','wifi',795),
	('ryan','thermostat','den','ligula.','bosch','bosch999','zigbee',796),
	('ryan','simple_light','bathroom','vestibulum.','bosch','bosch007','wifi',797),
	('ryan','simple_light','bedroom','lorem','bosch','bosch1234','zigbee',798),
	('ryan','simple_light','kitchen','auctor','bosch','bosch999','wifi',799),
	('ryan','radio','den','blandit','bosch','bosch007','zigbee',800),
	('ryan','radio','bathroom','aliquet.','bosch','bosch1234','wifi',801),
	('ryan','radio','bedroom','ultrices.','bosch','bosch999','zigbee',802),
	('ryan','thermostat','kitchen','nonummy.','bosch','bosch007','wifi',803),
	('ryan','thermostat','den','ullamcorper','bosch','bosch1234','zigbee',804),
	('ryan','thermostat','bathroom','mattis','bosch','bosch999','wifi',805),
	('ryan','simple_light','bedroom','Integer','bosch','bosch007','zigbee',806),
	('ryan','simple_light','kitchen','sit','bosch','bosch1234','wifi',807),
	('ryan','simple_light','den','dolor.','bosch','bosch999','zigbee',808),
	('ryan','radio','bathroom','Fusce','bosch','bosch007','wifi',809),
	('ryan','radio','bedroom','tristique','bosch','bosch1234','zigbee',810),
	('ryan','radio','kitchen','sed,','bosch','bosch999','wifi',811),
	('ryan','thermostat','den','dictum','bosch','bosch007','zigbee',812),
	('ryan','thermostat','bathroom','egestas','bosch','bosch1234','wifi',813),
	('ryan','thermostat','bedroom','dictum','bosch','bosch999','zigbee',814),
	('ryan','simple_light','kitchen','Integer','bosch','bosch007','wifi',815),
	('ryan','simple_light','den','elit,','bosch','bosch1234','zigbee',816),
	('ryan','simple_light','bathroom','consequat','bosch','bosch999','wifi',817),
	('ryan','radio','bedroom','ut,','bosch','bosch007','zigbee',818),
	('ryan','radio','kitchen','dolor.','bosch','bosch1234','wifi',819),
	('ryan','radio','den','dui','bosch','bosch999','zigbee',820),
	('ryan','thermostat','bathroom','pede','bosch','bosch007','wifi',821),
	('ryan','thermostat','bedroom','Donec','bosch','bosch1234','zigbee',822),
	('ryan','thermostat','kitchen','arcu.','bosch','bosch999','wifi',823),
	('ryan','simple_light','den','ullamcorper','bosch','bosch007','zigbee',824),
	('ryan','simple_light','bathroom','Curabitur','bosch','bosch1234','wifi',825),
	('ryan','simple_light','bedroom','ullamcorper.','bosch','bosch999','zigbee',826),
	('ryan','radio','kitchen','bibendum','bosch','bosch007','wifi',827),
	('ryan','radio','den','Sed','bosch','bosch1234','zigbee',828),
	('ryan','radio','bathroom','Nullam','bosch','bosch999','wifi',829),
	('ryan','thermostat','bedroom','nisl','bosch','bosch007','zigbee',830),
	('ryan','thermostat','kitchen','Nulla','bosch','bosch1234','wifi',831),
	('ryan','thermostat','den','neque','bosch','bosch999','zigbee',832),
	('ryan','simple_light','bathroom','imperdiet','bosch','bosch007','wifi',833),
	('ryan','simple_light','bedroom','fermentum','bosch','bosch1234','zigbee',834),
	('ryan','simple_light','kitchen','semper,','bosch','bosch999','wifi',835),
	('ryan','radio','den','eu,','bosch','bosch007','zigbee',836),
	('ryan','radio','bathroom','ligula','bosch','bosch007','wifi',837),
	('ryan','radio','bedroom','magnis','bosch','bosch1234','zigbee',838),
	('ryan','radio','kitchen','Nulla','bosch','bosch999','wifi',839),
	('ryan','thermostat','den','nulla','bosch','bosch007','zigbee',840),
	('ryan','thermostat','bathroom','eu','bosch','bosch1234','wifi',841),
	('ryan','thermostat','bedroom','Integer','bosch','bosch999','zigbee',842),
	('ryan','simple_light','kitchen','Integer','bosch','bosch007','wifi',843),
	('ryan','simple_light','den','eleifend','bosch','bosch1234','zigbee',844),
	('ryan','simple_light','bathroom','pulvinar','bosch','bosch999','wifi',845),
	('ryan','radio','bedroom','feugiat','bosch','bosch007','zigbee',846),
	('ryan','radio','kitchen','a,','bosch','bosch1234','wifi',847),
	('ryan','radio','den','luctus','bosch','bosch999','zigbee',848),
	('ryan','thermostat','bathroom','aliquam','bosch','bosch007','wifi',849),
	('ryan','thermostat','bedroom','ridiculus','bosch','bosch1234','zigbee',850),
	('ryan','thermostat','kitchen','ac','bosch','bosch999','wifi',851),
	('ryan','simple_light','den','pharetra','bosch','bosch007','zigbee',852),
	('ryan','simple_light','bathroom','turpis.','bosch','bosch1234','wifi',853),
	('ryan','simple_light','bedroom','luctus','bosch','bosch999','zigbee',854),
	('ryan','radio','kitchen','mauris','bosch','bosch007','wifi',855),
	('ryan','radio','den','ut','bosch','bosch1234','zigbee',856),
	('ryan','radio','bathroom','viverra.','bosch','bosch999','wifi',857),
	('ryan','thermostat','bedroom','dolor','bosch','bosch007','zigbee',858),
	('ryan','thermostat','kitchen','dis','bosch','bosch1234','wifi',859),
	('ryan','thermostat','den','turpis.','bosch','bosch999','zigbee',860),
	('ryan','simple_light','bathroom','ante.','bosch','bosch007','wifi',861),
	('ryan','simple_light','bedroom','felis,','bosch','bosch1234','zigbee',862),
	('ryan','simple_light','kitchen','nostra,','bosch','bosch999','wifi',863),
	('ryan','radio','den','dictum','bosch','bosch007','zigbee',864),
	('ryan','radio','bathroom','nunc,','bosch','bosch1234','wifi',865),
	('ryan','radio','bedroom','risus.','bosch','bosch999','zigbee',866),
	('ryan','thermostat','kitchen','ornare,','bosch','bosch007','wifi',867),
	('ryan','thermostat','den','Aenean','bosch','bosch1234','zigbee',868),
	('ryan','thermostat','bathroom','rhoncus.','bosch','bosch999','wifi',869),
	('ryan','simple_light','bedroom','aliquam','bosch','bosch007','zigbee',870),
	('ryan','simple_light','kitchen','tempus','bosch','bosch1234','wifi',871),
	('ryan','simple_light','den','cursus','bosch','bosch999','zigbee',872),
	('ryan','radio','bathroom','Ut','bosch','bosch007','wifi',873),
	('ryan','radio','bedroom','enim','bosch','bosch1234','zigbee',874),
	('ryan','radio','kitchen','hendrerit.','bosch','bosch999','wifi',875),
	('ryan','thermostat','den','rutrum','bosch','bosch007','zigbee',876),
	('ryan','thermostat','bathroom','turpis','bosch','bosch1234','wifi',877),
	('ryan','thermostat','bedroom','vitae,','bosch','bosch999','zigbee',878),
	('ryan','simple_light','kitchen','placerat','bosch','bosch007','wifi',879),
	('ryan','simple_light','den','orci','bosch','bosch1234','zigbee',880),
	('ryan','simple_light','bathroom','et','bosch','bosch999','wifi',881),
	('ryan','radio','bedroom','turpis','bosch','bosch007','zigbee',882),
	('ryan','radio','kitchen','dui','bosch','bosch1234','wifi',883),
	('ryan','radio','den','tellus,','bosch','bosch999','zigbee',884),
	('ryan','thermostat','bathroom','semper','bosch','bosch007','wifi',885),
	('ryan','thermostat','bedroom','fringilla','bosch','bosch1234','zigbee',886),
	('ryan','thermostat','kitchen','arcu','bosch','bosch999','wifi',887),
	('ryan','simple_light','den','mattis','bosch','bosch007','zigbee',888),
	('ryan','simple_light','bathroom','per','bosch','bosch1234','wifi',889),
	('ryan','simple_light','bedroom','elit','bosch','bosch999','zigbee',890),
	('ryan','radio','kitchen','pellentesque','bosch','bosch007','wifi',891),
	('ryan','radio','den','Sed','bosch','bosch1234','zigbee',892),
	('ryan','radio','bathroom','elit,','bosch','bosch999','wifi',893),
	('ryan','thermostat','bedroom','id','bosch','bosch007','zigbee',894),
	('ryan','thermostat','kitchen','conubia','bosch','bosch1234','wifi',895),
	('ryan','thermostat','den','ligula.','bosch','bosch999','zigbee',896),
	('ryan','simple_light','bathroom','vestibulum.','bosch','bosch007','wifi',897),
	('ryan','simple_light','bedroom','lorem','bosch','bosch1234','zigbee',898),
	('ryan','simple_light','kitchen','auctor','bosch','bosch999','wifi',899),
	('ryan','radio','den','blandit','bosch','bosch007','zigbee',900),
	('ryan','radio','bathroom','aliquet.','bosch','bosch1234','wifi',901),
	('ryan','radio','bedroom','ultrices.','bosch','bosch999','zigbee',902),
	('ryan','thermostat','kitchen','nonummy.','bosch','bosch007','wifi',903),
	('ryan','thermostat','den','ullamcorper','bosch','bosch1234','zigbee',904),
	('ryan','thermostat','bathroom','mattis','bosch','bosch999','wifi',905),
	('ryan','simple_light','bedroom','Integer','bosch','bosch007','zigbee',906),
	('ryan','simple_light','kitchen','sit','bosch','bosch1234','wifi',907),
	('ryan','simple_light','den','dolor.','bosch','bosch999','zigbee',908),
	('ryan','radio','bathroom','Fusce','bosch','bosch007','wifi',909),
	('ryan','radio','bedroom','tristique','bosch','bosch1234','zigbee',910),
	('ryan','radio','kitchen','sed,','bosch','bosch999','wifi',911),
	('ryan','thermostat','den','dictum','bosch','bosch007','zigbee',912),
	('ryan','thermostat','bathroom','egestas','bosch','bosch1234','wifi',913),
	('ryan','thermostat','bedroom','dictum','bosch','bosch999','zigbee',914),
	('ryan','simple_light','kitchen','Integer','bosch','bosch007','wifi',915),
	('ryan','simple_light','den','elit,','bosch','bosch1234','zigbee',916),
	('ryan','simple_light','bathroom','consequat','bosch','bosch999','wifi',917),
	('ryan','radio','bedroom','ut,','bosch','bosch007','zigbee',918),
	('ryan','radio','kitchen','dolor.','bosch','bosch1234','wifi',919),
	('ryan','radio','den','dui','bosch','bosch999','zigbee',920),
	('ryan','thermostat','bathroom','pede','bosch','bosch007','wifi',921),
	('ryan','thermostat','bedroom','Donec','bosch','bosch1234','zigbee',922),
	('ryan','thermostat','kitchen','arcu.','bosch','bosch999','wifi',923),
	('ryan','simple_light','den','ullamcorper','bosch','bosch007','zigbee',924),
	('ryan','simple_light','bathroom','Curabitur','bosch','bosch1234','wifi',925),
	('ryan','simple_light','bedroom','ullamcorper.','bosch','bosch999','zigbee',926),
	('ryan','radio','kitchen','bibendum','bosch','bosch007','wifi',927),
	('ryan','radio','den','Sed','bosch','bosch1234','zigbee',928),
	('ryan','radio','bathroom','Nullam','bosch','bosch999','wifi',929),
	('ryan','thermostat','bedroom','nisl','bosch','bosch007','zigbee',930),
	('ryan','thermostat','kitchen','Nulla','bosch','bosch1234','wifi',931),
	('ryan','thermostat','den','neque','bosch','bosch999','zigbee',932),
	('ryan','simple_light','bathroom','imperdiet','bosch','bosch007','wifi',933),
	('ryan','simple_light','bedroom','fermentum','bosch','bosch1234','zigbee',934),
	('ryan','simple_light','kitchen','semper,','bosch','bosch999','wifi',935),
	('ryan','radio','den','eu,','bosch','bosch007','zigbee',936),
	('ryan','radio','bathroom','ligula','bosch','bosch007','wifi',937),
	('ryan','radio','bedroom','magnis','bosch','bosch1234','zigbee',938),
	('ryan','radio','kitchen','Nulla','bosch','bosch999','wifi',939),
	('ryan','thermostat','den','nulla','bosch','bosch007','zigbee',940),
	('ryan','thermostat','bathroom','eu','bosch','bosch1234','wifi',941),
	('ryan','thermostat','bedroom','Integer','bosch','bosch999','zigbee',942),
	('ryan','simple_light','kitchen','Integer','bosch','bosch007','wifi',943),
	('ryan','simple_light','den','eleifend','bosch','bosch1234','zigbee',944),
	('ryan','simple_light','bathroom','pulvinar','bosch','bosch999','wifi',945),
	('ryan','radio','bedroom','feugiat','bosch','bosch007','zigbee',946),
	('ryan','radio','kitchen','a,','bosch','bosch1234','wifi',947),
	('ryan','radio','den','luctus','bosch','bosch999','zigbee',948),
	('ryan','thermostat','bathroom','aliquam','bosch','bosch007','wifi',949),
	('ryan','thermostat','bedroom','ridiculus','bosch','bosch1234','zigbee',950),
	('ryan','thermostat','kitchen','ac','bosch','bosch999','wifi',951),
	('ryan','simple_light','den','pharetra','bosch','bosch007','zigbee',952),
	('ryan','simple_light','bathroom','turpis.','bosch','bosch1234','wifi',953),
	('ryan','simple_light','bedroom','luctus','bosch','bosch999','zigbee',954),
	('ryan','radio','kitchen','mauris','bosch','bosch007','wifi',955),
	('ryan','radio','den','ut','bosch','bosch1234','zigbee',956),
	('ryan','radio','bathroom','viverra.','bosch','bosch999','wifi',957),
	('ryan','thermostat','bedroom','dolor','bosch','bosch007','zigbee',958),
	('ryan','thermostat','kitchen','dis','bosch','bosch1234','wifi',959),
	('ryan','thermostat','den','turpis.','bosch','bosch999','zigbee',960),
	('ryan','simple_light','bathroom','ante.','bosch','bosch007','wifi',961),
	('ryan','simple_light','bedroom','felis,','bosch','bosch1234','zigbee',962),
	('ryan','simple_light','kitchen','nostra,','bosch','bosch999','wifi',963),
	('ryan','radio','den','dictum','bosch','bosch007','zigbee',964),
	('ryan','radio','bathroom','nunc,','bosch','bosch1234','wifi',965),
	('ryan','radio','bedroom','risus.','bosch','bosch999','zigbee',966),
	('ryan','thermostat','kitchen','ornare,','bosch','bosch007','wifi',967),
	('ryan','thermostat','den','Aenean','bosch','bosch1234','zigbee',968),
	('ryan','thermostat','bathroom','rhoncus.','bosch','bosch999','wifi',969),
	('ryan','simple_light','bedroom','aliquam','bosch','bosch007','zigbee',970),
	('ryan','simple_light','kitchen','tempus','bosch','bosch1234','wifi',971),
	('ryan','simple_light','den','cursus','bosch','bosch999','zigbee',972),
	('ryan','radio','bathroom','Ut','bosch','bosch007','wifi',973),
	('ryan','radio','bedroom','enim','bosch','bosch1234','zigbee',974),
	('ryan','radio','kitchen','hendrerit.','bosch','bosch999','wifi',975),
	('ryan','thermostat','den','rutrum','bosch','bosch007','zigbee',976),
	('ryan','thermostat','bathroom','turpis','bosch','bosch1234','wifi',977),
	('ryan','thermostat','bedroom','vitae,','bosch','bosch999','zigbee',978),
	('ryan','simple_light','kitchen','placerat','bosch','bosch007','wifi',979),
	('ryan','simple_light','den','orci','bosch','bosch1234','zigbee',980),
	('ryan','simple_light','bathroom','et','bosch','bosch999','wifi',981),
	('ryan','radio','bedroom','turpis','bosch','bosch007','zigbee',982),
	('ryan','radio','kitchen','dui','bosch','bosch1234','wifi',983),
	('ryan','radio','den','tellus,','bosch','bosch999','zigbee',984),
	('ryan','thermostat','bathroom','semper','bosch','bosch007','wifi',985),
	('ryan','thermostat','bedroom','fringilla','bosch','bosch1234','zigbee',986),
	('ryan','thermostat','kitchen','arcu','bosch','bosch999','wifi',987),
	('ryan','simple_light','den','mattis','bosch','bosch007','zigbee',988),
	('ryan','simple_light','bathroom','per','bosch','bosch1234','wifi',989),
	('ryan','simple_light','bedroom','elit','bosch','bosch999','zigbee',990),
	('ryan','radio','kitchen','pellentesque','bosch','bosch007','wifi',991),
	('ryan','radio','den','Sed','bosch','bosch1234','zigbee',992),
	('ryan','radio','bathroom','elit,','bosch','bosch999','wifi',993),
	('ryan','thermostat','bedroom','id','bosch','bosch007','zigbee',994),
	('ryan','thermostat','kitchen','conubia','bosch','bosch1234','wifi',995),
	('ryan','thermostat','den','ligula.','bosch','bosch999','zigbee',996),
	('ryan','simple_light','bathroom','vestibulum.','bosch','bosch007','wifi',997),
	('ryan','simple_light','bedroom','lorem','bosch','bosch1234','zigbee',998),
	('ryan','simple_light','kitchen','auctor','bosch','bosch999','wifi',999),
	('ryan','radio','den','blandit','bosch','bosch007','zigbee',1000),
	('ryan','radio','bathroom','aliquet.','bosch','bosch1234','wifi',1001),
	('ryan','radio','bedroom','ultrices.','bosch','bosch999','zigbee',1002),
	('ryan','thermostat','kitchen','nonummy.','bosch','bosch007','wifi',1003),
	('ryan','thermostat','den','ullamcorper','bosch','bosch1234','zigbee',1004),
	('ryan','thermostat','bathroom','mattis','bosch','bosch999','wifi',1005),
	('ryan','simple_light','bedroom','Integer','bosch','bosch007','zigbee',1006),
	('ryan','simple_light','kitchen','sit','bosch','bosch1234','wifi',1007),
	('ryan','simple_light','den','dolor.','bosch','bosch999','zigbee',1008),
	('ryan','radio','bathroom','Fusce','bosch','bosch007','wifi',1009),
	('ryan','radio','bedroom','tristique','bosch','bosch1234','zigbee',1010),
	('ryan','radio','kitchen','sed,','bosch','bosch999','wifi',1011),
	('ryan','thermostat','den','dictum','bosch','bosch007','zigbee',1012),
	('ryan','thermostat','bathroom','egestas','bosch','bosch1234','wifi',1013),
	('ryan','thermostat','bedroom','dictum','bosch','bosch999','zigbee',1014),
	('ryan','simple_light','kitchen','Integer','bosch','bosch007','wifi',1015),
	('ryan','simple_light','den','elit,','bosch','bosch1234','zigbee',1016),
	('ryan','simple_light','bathroom','consequat','bosch','bosch999','wifi',1017),
	('ryan','radio','bedroom','ut,','bosch','bosch007','zigbee',1018),
	('ryan','radio','kitchen','dolor.','bosch','bosch1234','wifi',1019),
	('ryan','radio','den','dui','bosch','bosch999','zigbee',1020),
	('ryan','thermostat','bathroom','pede','bosch','bosch007','wifi',1021),
	('ryan','thermostat','bedroom','Donec','bosch','bosch1234','zigbee',1022),
	('ryan','thermostat','kitchen','arcu.','bosch','bosch999','wifi',1023),
	('ryan','simple_light','den','ullamcorper','bosch','bosch007','zigbee',1024),
	('ryan','simple_light','bathroom','Curabitur','bosch','bosch1234','wifi',1025),
	('ryan','simple_light','bedroom','ullamcorper.','bosch','bosch999','zigbee',1026),
	('ryan','radio','kitchen','bibendum','bosch','bosch007','wifi',1027),
	('ryan','radio','den','Sed','bosch','bosch1234','zigbee',1028),
	('ryan','radio','bathroom','Nullam','bosch','bosch999','wifi',1029),
	('ryan','thermostat','bedroom','nisl','bosch','bosch007','zigbee',1030),
	('ryan','thermostat','kitchen','Nulla','bosch','bosch1234','wifi',1031),
	('ryan','thermostat','den','neque','bosch','bosch999','zigbee',1032),
	('ryan','simple_light','bathroom','imperdiet','bosch','bosch007','wifi',1033),
	('ryan','simple_light','bedroom','fermentum','bosch','bosch1234','zigbee',1034),
	('ryan','simple_light','kitchen','semper,','bosch','bosch999','wifi',1035),
	('ryan','radio','den','eu,','bosch','bosch007','zigbee',1036);

/*!40000 ALTER TABLE `device_instance` ENABLE KEYS */;
UNLOCK TABLES;


# Dump of table device_status
# ------------------------------------------------------------

DROP TABLE IF EXISTS `device_status`;

CREATE TABLE `device_status` (
  `status_id` int(11) NOT NULL AUTO_INCREMENT,
  `deviceId` int(11) NOT NULL,
  `property_id` int(11) NOT NULL,
  `status` varchar(100) DEFAULT '',
  PRIMARY KEY (`status_id`),
  KEY `deviceId` (`deviceId`),
  CONSTRAINT `device_status_ibfk_1` FOREIGN KEY (`deviceId`) REFERENCES `device_instance` (`deviceId`)
) ENGINE=InnoDB DEFAULT CHARSET=latin1;

LOCK TABLES `device_status` WRITE;
/*!40000 ALTER TABLE `device_status` DISABLE KEYS */;

INSERT INTO `device_status` (`status_id`, `deviceId`, `property_id`, `status`)
VALUES
	(12,28,22,'93.7'),
	(13,29,22,''),
	(14,30,22,''),
	(16,32,22,''),
	(17,33,22,''),
	(18,34,20,'57'),
	(19,35,20,'57'),
	(20,36,22,'60'),
	(21,37,22,'60'),
	(22,38,22,'60'),
	(23,39,22,'60'),
	(24,40,22,'60'),
	(25,41,22,'60'),
	(26,42,22,'60'),
	(27,43,22,'60'),
	(28,44,22,'60'),
	(29,45,22,'60'),
	(30,46,22,'60'),
	(31,47,22,'60'),
	(32,48,22,'60'),
	(33,49,22,'60'),
	(34,50,22,'60'),
	(35,51,22,'60'),
	(36,52,22,'60'),
	(37,53,22,'60'),
	(38,54,22,'60'),
	(39,55,22,'60'),
	(40,56,22,'60'),
	(41,57,22,'60'),
	(42,58,22,'60'),
	(43,59,22,'60'),
	(44,60,22,'60'),
	(45,61,22,'60'),
	(46,62,22,'60'),
	(47,63,22,'60'),
	(48,64,22,'60'),
	(49,65,22,'60'),
	(50,66,22,'60'),
	(51,67,22,'60'),
	(52,68,22,'60'),
	(53,69,22,'60'),
	(54,70,22,'60'),
	(55,71,22,'60'),
	(56,72,22,'60'),
	(57,73,22,'60'),
	(58,74,22,'60'),
	(59,75,22,'60'),
	(60,76,22,'60'),
	(61,77,22,'60'),
	(62,78,22,'60'),
	(63,79,22,'60'),
	(64,80,22,'60'),
	(65,81,22,'60'),
	(66,82,22,'60'),
	(67,83,22,'60'),
	(68,84,22,'60'),
	(69,85,22,'60'),
	(70,86,22,'60'),
	(71,87,22,'60'),
	(72,88,22,'60'),
	(73,89,22,'60'),
	(74,90,22,'60'),
	(75,91,22,'60'),
	(76,92,22,'60'),
	(77,93,22,'60'),
	(78,94,22,'60'),
	(79,95,22,'60'),
	(80,96,22,'60'),
	(81,97,22,'60'),
	(82,98,22,'60'),
	(83,99,22,'60'),
	(84,100,22,'60'),
	(85,101,22,'60'),
	(86,102,22,'60'),
	(87,103,22,'60'),
	(88,104,22,'60'),
	(89,105,22,'60'),
	(90,106,22,'60'),
	(91,107,22,'60'),
	(92,108,22,'60'),
	(93,109,22,'60'),
	(94,110,22,'60'),
	(95,111,22,'60'),
	(96,112,22,'60'),
	(97,113,22,'60'),
	(98,114,22,'60'),
	(99,115,22,'60'),
	(100,116,22,'60'),
	(101,117,22,'60'),
	(102,118,22,'60'),
	(103,119,22,'60'),
	(104,120,22,'60'),
	(105,121,22,'60'),
	(106,122,22,'60'),
	(107,123,22,'60'),
	(108,124,22,'60'),
	(109,125,22,'60'),
	(110,126,22,'60'),
	(111,127,22,'60'),
	(112,128,22,'60'),
	(113,129,22,'60'),
	(114,130,22,'60'),
	(115,131,22,'60'),
	(116,132,22,'60'),
	(117,133,22,'60'),
	(118,134,22,'60'),
	(119,135,22,'60'),
	(120,135,22,'60'),
	(121,136,22,'60'),
	(122,137,22,'60'),
	(123,138,22,'60'),
	(124,139,22,'60'),
	(125,140,22,'60'),
	(126,141,22,'60'),
	(127,142,22,'60'),
	(128,143,22,'60'),
	(129,144,22,'60'),
	(130,145,22,'60'),
	(131,146,22,'60'),
	(132,147,22,'60'),
	(133,148,22,'60'),
	(134,149,22,'60'),
	(135,150,22,'60'),
	(136,151,22,'60'),
	(137,152,22,'60'),
	(138,153,22,'60'),
	(139,154,22,'60'),
	(140,155,22,'60'),
	(141,156,22,'60'),
	(142,157,22,'60'),
	(143,158,22,'60'),
	(144,159,22,'60'),
	(145,160,22,'60'),
	(146,161,22,'60'),
	(147,162,22,'60'),
	(148,163,22,'60'),
	(149,164,22,'60'),
	(150,165,22,'60'),
	(151,166,22,'60'),
	(152,167,22,'60'),
	(153,168,22,'60'),
	(154,169,22,'60'),
	(155,170,22,'60'),
	(156,171,22,'60'),
	(157,172,22,'60'),
	(158,173,22,'60'),
	(159,174,22,'60'),
	(160,175,22,'60'),
	(161,176,22,'60'),
	(162,177,22,'60'),
	(163,178,22,'60'),
	(164,179,22,'60'),
	(165,180,22,'60'),
	(166,181,22,'60'),
	(167,182,22,'60'),
	(168,183,22,'60'),
	(169,184,22,'60'),
	(170,185,22,'60'),
	(171,186,22,'60'),
	(172,187,22,'60'),
	(173,188,22,'60'),
	(174,189,22,'60'),
	(175,190,22,'60'),
	(176,191,22,'60'),
	(177,192,22,'60'),
	(178,193,22,'60'),
	(179,194,22,'60'),
	(180,195,22,'60'),
	(181,196,22,'60'),
	(182,197,22,'60'),
	(183,198,22,'60'),
	(184,199,22,'60'),
	(185,200,22,'60'),
	(186,201,22,'60'),
	(187,202,22,'60'),
	(188,203,22,'60'),
	(189,204,22,'60'),
	(190,205,22,'60'),
	(191,206,22,'60'),
	(192,207,22,'60'),
	(193,208,22,'60'),
	(194,209,22,'60'),
	(195,210,22,'60'),
	(196,211,22,'60'),
	(197,212,22,'60'),
	(198,213,22,'60'),
	(199,214,22,'60'),
	(200,215,22,'60'),
	(201,216,22,'60'),
	(202,217,22,'60'),
	(203,218,22,'60'),
	(204,219,22,'60'),
	(205,220,22,'60'),
	(206,221,22,'60'),
	(207,222,22,'60'),
	(208,223,22,'60'),
	(209,224,22,'60'),
	(210,225,22,'60'),
	(211,226,22,'60'),
	(212,227,22,'60'),
	(213,228,22,'60'),
	(214,229,22,'60'),
	(215,230,22,'60'),
	(216,231,22,'60'),
	(217,232,22,'60'),
	(218,233,22,'60'),
	(219,234,22,'60'),
	(220,334,22,'60'),
	(221,235,22,'60'),
	(222,236,22,'60'),
	(223,237,22,'60'),
	(224,238,22,'60'),
	(225,239,22,'60'),
	(226,240,22,'60'),
	(227,241,22,'60'),
	(228,242,22,'60'),
	(229,243,22,'60'),
	(230,244,22,'60'),
	(231,245,22,'60'),
	(232,246,22,'60'),
	(233,247,22,'60'),
	(234,248,22,'60'),
	(235,249,22,'60'),
	(236,250,22,'60'),
	(237,251,22,'60'),
	(238,252,22,'60'),
	(239,253,22,'60'),
	(240,254,22,'60'),
	(241,255,22,'60'),
	(242,256,22,'60'),
	(243,257,22,'60'),
	(244,258,22,'60'),
	(245,259,22,'60'),
	(246,260,22,'60'),
	(247,261,22,'60'),
	(248,262,22,'60'),
	(249,263,22,'60'),
	(250,264,22,'60'),
	(251,265,22,'60'),
	(252,266,22,'60'),
	(253,267,22,'60'),
	(254,268,22,'60'),
	(255,269,22,'60'),
	(256,270,22,'60'),
	(257,271,22,'60'),
	(258,272,22,'60'),
	(259,273,22,'60'),
	(260,274,22,'60'),
	(261,275,22,'60'),
	(262,276,22,'60'),
	(263,277,22,'60'),
	(264,278,22,'60'),
	(265,279,22,'60'),
	(266,280,22,'60'),
	(267,281,22,'60'),
	(268,282,22,'60'),
	(269,283,22,'60'),
	(270,284,22,'60'),
	(271,285,22,'60'),
	(272,286,22,'60'),
	(273,287,22,'60'),
	(274,288,22,'60'),
	(275,289,22,'60'),
	(276,290,22,'60'),
	(277,291,22,'60'),
	(278,292,22,'60'),
	(279,293,22,'60'),
	(280,294,22,'60'),
	(281,295,22,'60'),
	(282,296,22,'60'),
	(283,297,22,'60'),
	(284,298,22,'60'),
	(285,299,22,'60'),
	(286,300,22,'60'),
	(287,301,22,'60'),
	(288,302,22,'60'),
	(289,303,22,'60'),
	(290,304,22,'60'),
	(291,305,22,'60'),
	(292,306,22,'60'),
	(293,307,22,'60'),
	(294,308,22,'60'),
	(295,309,22,'60'),
	(296,310,22,'60'),
	(297,311,22,'60'),
	(298,312,22,'60'),
	(299,313,22,'60'),
	(300,314,22,'60'),
	(301,315,22,'60'),
	(302,316,22,'60'),
	(303,317,22,'60'),
	(304,318,22,'60'),
	(305,319,22,'60'),
	(306,320,22,'60'),
	(307,321,22,'60'),
	(308,322,22,'60'),
	(309,323,22,'60'),
	(310,324,22,'60'),
	(311,325,22,'60'),
	(312,326,22,'60'),
	(313,327,22,'60'),
	(314,328,22,'60'),
	(315,329,22,'60'),
	(316,330,22,'60'),
	(317,331,22,'60'),
	(318,332,22,'60'),
	(319,333,22,'60'),
	(320,334,22,'60'),
	(321,335,22,'60'),
	(322,336,22,'60'),
	(323,337,22,'60'),
	(324,338,22,'60'),
	(325,339,22,'60'),
	(326,340,22,'60'),
	(327,341,22,'60'),
	(328,342,22,'60'),
	(329,343,22,'60'),
	(330,344,22,'60'),
	(331,345,22,'60'),
	(332,346,22,'60'),
	(333,347,22,'60'),
	(334,348,22,'60'),
	(335,349,22,'60'),
	(336,350,22,'60'),
	(337,351,22,'60'),
	(338,352,22,'60'),
	(339,353,22,'60'),
	(340,354,22,'60'),
	(341,355,22,'60'),
	(342,356,22,'60'),
	(343,357,22,'60'),
	(344,358,22,'60'),
	(345,359,22,'60'),
	(346,360,22,'60'),
	(347,361,22,'60'),
	(348,362,22,'60'),
	(349,363,22,'60'),
	(350,364,22,'60'),
	(351,365,22,'60'),
	(352,366,22,'60'),
	(353,367,22,'60'),
	(354,368,22,'60'),
	(355,369,22,'60'),
	(356,370,22,'60'),
	(357,371,22,'60'),
	(358,372,22,'60'),
	(359,373,22,'60'),
	(360,374,22,'60'),
	(361,375,22,'60'),
	(362,376,22,'60'),
	(363,377,22,'60'),
	(364,378,22,'60'),
	(365,379,22,'60'),
	(366,380,22,'60'),
	(367,381,22,'60'),
	(368,382,22,'60'),
	(369,383,22,'60'),
	(370,384,22,'60'),
	(371,385,22,'60'),
	(372,386,22,'60'),
	(373,387,22,'60'),
	(374,388,22,'60'),
	(375,389,22,'60'),
	(376,390,22,'60'),
	(377,391,22,'60'),
	(378,392,22,'60'),
	(379,393,22,'60'),
	(380,394,22,'60'),
	(381,395,22,'60'),
	(382,396,22,'60'),
	(383,397,22,'60'),
	(384,398,22,'60'),
	(385,399,22,'60'),
	(386,400,22,'60'),
	(387,401,22,'60'),
	(388,402,22,'60'),
	(389,403,22,'60'),
	(390,404,22,'60'),
	(391,405,22,'60'),
	(392,406,22,'60'),
	(393,407,22,'60'),
	(394,408,22,'60'),
	(395,409,22,'60'),
	(396,410,22,'60'),
	(397,411,22,'60'),
	(398,412,22,'60'),
	(399,413,22,'60'),
	(400,414,22,'60'),
	(401,415,22,'60'),
	(402,416,22,'60'),
	(403,417,22,'60'),
	(404,418,22,'60'),
	(405,419,22,'60'),
	(406,420,22,'60'),
	(407,421,22,'60'),
	(408,422,22,'60'),
	(409,423,22,'60'),
	(410,424,22,'60'),
	(411,425,22,'60'),
	(412,426,22,'60'),
	(413,427,22,'60'),
	(414,428,22,'60'),
	(415,429,22,'60'),
	(416,430,22,'60'),
	(417,431,22,'60'),
	(418,432,22,'60'),
	(419,433,22,'60'),
	(420,434,22,'60'),
	(421,534,22,'60'),
	(422,435,22,'60'),
	(423,436,22,'60'),
	(424,437,22,'60'),
	(425,438,22,'60'),
	(426,439,22,'60'),
	(427,440,22,'60'),
	(428,441,22,'60'),
	(429,442,22,'60'),
	(430,443,22,'60'),
	(431,444,22,'60'),
	(432,445,22,'60'),
	(433,446,22,'60'),
	(434,447,22,'60'),
	(435,448,22,'60'),
	(436,449,22,'60'),
	(437,450,22,'60'),
	(438,451,22,'60'),
	(439,452,22,'60'),
	(440,453,22,'60'),
	(441,454,22,'60'),
	(442,455,22,'60'),
	(443,456,22,'60'),
	(444,457,22,'60'),
	(445,458,22,'60'),
	(446,459,22,'60'),
	(447,460,22,'60'),
	(448,461,22,'60'),
	(449,462,22,'60'),
	(450,463,22,'60'),
	(451,464,22,'60'),
	(452,465,22,'60'),
	(453,466,22,'60'),
	(454,467,22,'60'),
	(455,468,22,'60'),
	(456,469,22,'60'),
	(457,470,22,'60'),
	(458,471,22,'60'),
	(459,472,22,'60'),
	(460,473,22,'60'),
	(461,474,22,'60'),
	(462,475,22,'60'),
	(463,476,22,'60'),
	(464,477,22,'60'),
	(465,478,22,'60'),
	(466,479,22,'60'),
	(467,480,22,'60'),
	(468,481,22,'60'),
	(469,482,22,'60'),
	(470,483,22,'60'),
	(471,484,22,'60'),
	(472,485,22,'60'),
	(473,486,22,'60'),
	(474,487,22,'60'),
	(475,488,22,'60'),
	(476,489,22,'60'),
	(477,490,22,'60'),
	(478,491,22,'60'),
	(479,492,22,'60'),
	(480,493,22,'60'),
	(481,494,22,'60'),
	(482,495,22,'60'),
	(483,496,22,'60'),
	(484,497,22,'60'),
	(485,498,22,'60'),
	(486,499,22,'60'),
	(487,500,22,'60'),
	(488,501,22,'60'),
	(489,502,22,'60'),
	(490,503,22,'60'),
	(491,504,22,'60'),
	(492,505,22,'60'),
	(493,506,22,'60'),
	(494,507,22,'60'),
	(495,508,22,'60'),
	(496,509,22,'60'),
	(497,510,22,'60'),
	(498,511,22,'60'),
	(499,512,22,'60'),
	(500,513,22,'60'),
	(501,514,22,'60'),
	(502,515,22,'60'),
	(503,516,22,'60'),
	(504,517,22,'60'),
	(505,518,22,'60'),
	(506,519,22,'60'),
	(507,520,22,'60'),
	(508,521,22,'60'),
	(509,522,22,'60'),
	(510,523,22,'60'),
	(511,524,22,'60'),
	(512,525,22,'60'),
	(513,526,22,'60'),
	(514,527,22,'60'),
	(515,528,22,'60'),
	(516,529,22,'60'),
	(517,530,22,'60'),
	(518,531,22,'60'),
	(519,532,22,'60'),
	(520,533,22,'60'),
	(521,534,22,'60'),
	(522,535,22,'60'),
	(523,536,22,'60'),
	(524,537,22,'60'),
	(525,538,22,'60'),
	(526,539,22,'60'),
	(527,540,22,'60'),
	(528,541,22,'60'),
	(529,542,22,'60'),
	(530,543,22,'60'),
	(531,544,22,'60'),
	(532,545,22,'60'),
	(533,546,22,'60'),
	(534,547,22,'60'),
	(535,548,22,'60'),
	(536,549,22,'60'),
	(537,550,22,'60'),
	(538,551,22,'60'),
	(539,552,22,'60'),
	(540,553,22,'60'),
	(541,554,22,'60'),
	(542,555,22,'60'),
	(543,556,22,'60'),
	(544,557,22,'60'),
	(545,558,22,'60'),
	(546,559,22,'60'),
	(547,560,22,'60'),
	(548,561,22,'60'),
	(549,562,22,'60'),
	(550,563,22,'60'),
	(551,564,22,'60'),
	(552,565,22,'60'),
	(553,566,22,'60'),
	(554,567,22,'60'),
	(555,568,22,'60'),
	(556,569,22,'60'),
	(557,570,22,'60'),
	(558,571,22,'60'),
	(559,572,22,'60'),
	(560,573,22,'60'),
	(561,574,22,'60'),
	(562,575,22,'60'),
	(563,576,22,'60'),
	(564,577,22,'60'),
	(565,578,22,'60'),
	(566,579,22,'60'),
	(567,580,22,'60'),
	(568,581,22,'60'),
	(569,582,22,'60'),
	(570,583,22,'60'),
	(571,584,22,'60'),
	(572,585,22,'60'),
	(573,586,22,'60'),
	(574,587,22,'60'),
	(575,588,22,'60'),
	(576,589,22,'60'),
	(577,590,22,'60'),
	(578,591,22,'60'),
	(579,592,22,'60'),
	(580,593,22,'60'),
	(581,594,22,'60'),
	(582,595,22,'60'),
	(583,596,22,'60'),
	(584,597,22,'60'),
	(585,598,22,'60'),
	(586,599,22,'60'),
	(587,600,22,'60'),
	(588,601,22,'60'),
	(589,602,22,'60'),
	(590,603,22,'60'),
	(591,604,22,'60'),
	(592,605,22,'60'),
	(593,606,22,'60'),
	(594,607,22,'60'),
	(595,608,22,'60'),
	(596,609,22,'60'),
	(597,610,22,'60'),
	(598,611,22,'60'),
	(599,612,22,'60'),
	(600,613,22,'60'),
	(601,614,22,'60'),
	(602,615,22,'60'),
	(603,616,22,'60'),
	(604,617,22,'60'),
	(605,618,22,'60'),
	(606,619,22,'60'),
	(607,620,22,'60'),
	(608,621,22,'60'),
	(609,622,22,'60'),
	(610,623,22,'60'),
	(611,624,22,'60'),
	(612,625,22,'60'),
	(613,626,22,'60'),
	(614,627,22,'60'),
	(615,628,22,'60'),
	(616,629,22,'60'),
	(617,630,22,'60'),
	(618,631,22,'60'),
	(619,632,22,'60'),
	(620,633,22,'60'),
	(621,634,22,'60'),
	(622,635,22,'60'),
	(623,636,22,'60'),
	(624,637,22,'60'),
	(625,638,22,'60'),
	(626,639,22,'60'),
	(627,640,22,'60'),
	(628,641,22,'60'),
	(629,642,22,'60'),
	(630,643,22,'60'),
	(631,644,22,'60'),
	(632,645,22,'60'),
	(633,646,22,'60'),
	(634,647,22,'60'),
	(635,648,22,'60'),
	(636,649,22,'60'),
	(637,650,22,'60'),
	(638,651,22,'60'),
	(639,652,22,'60'),
	(640,653,22,'60'),
	(641,654,22,'60'),
	(642,655,22,'60'),
	(643,656,22,'60'),
	(644,657,22,'60'),
	(645,658,22,'60'),
	(646,659,22,'60'),
	(647,660,22,'60'),
	(648,661,22,'60'),
	(649,662,22,'60'),
	(650,663,22,'60'),
	(651,664,22,'60'),
	(652,665,22,'60'),
	(653,666,22,'60'),
	(654,667,22,'60'),
	(655,668,22,'60'),
	(656,669,22,'60'),
	(657,670,22,'60'),
	(658,671,22,'60'),
	(659,672,22,'60'),
	(660,673,22,'60'),
	(661,674,22,'60'),
	(662,675,22,'60'),
	(663,676,22,'60'),
	(664,677,22,'60'),
	(665,678,22,'60'),
	(666,679,22,'60'),
	(667,680,22,'60'),
	(668,681,22,'60'),
	(669,682,22,'60'),
	(670,683,22,'60'),
	(671,684,22,'60'),
	(672,685,22,'60'),
	(673,686,22,'60'),
	(674,687,22,'60'),
	(675,688,22,'60'),
	(676,689,22,'60'),
	(677,690,22,'60'),
	(678,691,22,'60'),
	(679,692,22,'60'),
	(680,693,22,'60'),
	(681,694,22,'60'),
	(682,695,22,'60'),
	(683,696,22,'60'),
	(684,697,22,'60'),
	(685,698,22,'60'),
	(686,699,22,'60'),
	(687,700,22,'60'),
	(688,701,22,'60'),
	(689,702,22,'60'),
	(690,703,22,'60'),
	(691,704,22,'60'),
	(692,705,22,'60'),
	(693,706,22,'60'),
	(694,707,22,'60'),
	(695,708,22,'60'),
	(696,709,22,'60'),
	(697,710,22,'60'),
	(698,711,22,'60'),
	(699,712,22,'60'),
	(700,713,22,'60'),
	(701,714,22,'60'),
	(702,715,22,'60'),
	(703,716,22,'60'),
	(704,717,22,'60'),
	(705,718,22,'60'),
	(706,719,22,'60'),
	(707,720,22,'60'),
	(708,721,22,'60'),
	(709,722,22,'60'),
	(710,723,22,'60'),
	(711,724,22,'60'),
	(712,725,22,'60'),
	(713,726,22,'60'),
	(714,727,22,'60'),
	(715,728,22,'60'),
	(716,729,22,'60'),
	(717,730,22,'60'),
	(718,731,22,'60'),
	(719,732,22,'60'),
	(720,733,22,'60'),
	(721,734,22,'60'),
	(722,834,22,'60'),
	(723,735,22,'60'),
	(724,736,22,'60'),
	(725,737,22,'60'),
	(726,738,22,'60'),
	(727,739,22,'60'),
	(728,740,22,'60'),
	(729,741,22,'60'),
	(730,742,22,'60'),
	(731,743,22,'60'),
	(732,744,22,'60'),
	(733,745,22,'60'),
	(734,746,22,'60'),
	(735,747,22,'60'),
	(736,748,22,'60'),
	(737,749,22,'60'),
	(738,750,22,'60'),
	(739,751,22,'60'),
	(740,752,22,'60'),
	(741,753,22,'60'),
	(742,754,22,'60'),
	(743,755,22,'60'),
	(744,756,22,'60'),
	(745,757,22,'60'),
	(746,758,22,'60'),
	(747,759,22,'60'),
	(748,760,22,'60'),
	(749,761,22,'60'),
	(750,762,22,'60'),
	(751,763,22,'60'),
	(752,764,22,'60'),
	(753,765,22,'60'),
	(754,766,22,'60'),
	(755,767,22,'60'),
	(756,768,22,'60'),
	(757,769,22,'60'),
	(758,770,22,'60'),
	(759,771,22,'60'),
	(760,772,22,'60'),
	(761,773,22,'60'),
	(762,774,22,'60'),
	(763,775,22,'60'),
	(764,776,22,'60'),
	(765,777,22,'60'),
	(766,778,22,'60'),
	(767,779,22,'60'),
	(768,780,22,'60'),
	(769,781,22,'60'),
	(770,782,22,'60'),
	(771,783,22,'60'),
	(772,784,22,'60'),
	(773,785,22,'60'),
	(774,786,22,'60'),
	(775,787,22,'60'),
	(776,788,22,'60'),
	(777,789,22,'60'),
	(778,790,22,'60'),
	(779,791,22,'60'),
	(780,792,22,'60'),
	(781,793,22,'60'),
	(782,794,22,'60'),
	(783,795,22,'60'),
	(784,796,22,'60'),
	(785,797,22,'60'),
	(786,798,22,'60'),
	(787,799,22,'60'),
	(788,800,22,'60'),
	(789,801,22,'60'),
	(790,802,22,'60'),
	(791,803,22,'60'),
	(792,804,22,'60'),
	(793,805,22,'60'),
	(794,806,22,'60'),
	(795,807,22,'60'),
	(796,808,22,'60'),
	(797,809,22,'60'),
	(798,810,22,'60'),
	(799,811,22,'60'),
	(800,812,22,'60'),
	(801,813,22,'60'),
	(802,814,22,'60'),
	(803,815,22,'60'),
	(804,816,22,'60'),
	(805,817,22,'60'),
	(806,818,22,'60'),
	(807,819,22,'60'),
	(808,820,22,'60'),
	(809,821,22,'60'),
	(810,822,22,'60'),
	(811,823,22,'60'),
	(812,824,22,'60'),
	(813,825,22,'60'),
	(814,826,22,'60'),
	(815,827,22,'60'),
	(816,828,22,'60'),
	(817,829,22,'60'),
	(818,830,22,'60'),
	(819,831,22,'60'),
	(820,832,22,'60'),
	(821,833,22,'60'),
	(822,834,22,'60'),
	(823,934,22,'60'),
	(824,835,22,'60'),
	(825,836,22,'60'),
	(826,837,22,'60'),
	(827,838,22,'60'),
	(828,839,22,'60'),
	(829,840,22,'60'),
	(830,841,22,'60'),
	(831,842,22,'60'),
	(832,843,22,'60'),
	(833,844,22,'60'),
	(834,845,22,'60'),
	(835,846,22,'60'),
	(836,847,22,'60'),
	(837,848,22,'60'),
	(838,849,22,'60'),
	(839,850,22,'60'),
	(840,851,22,'60'),
	(841,852,22,'60'),
	(842,853,22,'60'),
	(843,854,22,'60'),
	(844,855,22,'60'),
	(845,856,22,'60'),
	(846,857,22,'60'),
	(847,858,22,'60'),
	(848,859,22,'60'),
	(849,860,22,'60'),
	(850,861,22,'60'),
	(851,862,22,'60'),
	(852,863,22,'60'),
	(853,864,22,'60'),
	(854,865,22,'60'),
	(855,866,22,'60'),
	(856,867,22,'60'),
	(857,868,22,'60'),
	(858,869,22,'60'),
	(859,870,22,'60'),
	(860,871,22,'60'),
	(861,872,22,'60'),
	(862,873,22,'60'),
	(863,874,22,'60'),
	(864,875,22,'60'),
	(865,876,22,'60'),
	(866,877,22,'60'),
	(867,878,22,'60'),
	(868,879,22,'60'),
	(869,880,22,'60'),
	(870,881,22,'60'),
	(871,882,22,'60'),
	(872,883,22,'60'),
	(873,884,22,'60'),
	(874,885,22,'60'),
	(875,886,22,'60'),
	(876,887,22,'60'),
	(877,888,22,'60'),
	(878,889,22,'60'),
	(879,890,22,'60'),
	(880,891,22,'60'),
	(881,892,22,'60'),
	(882,893,22,'60'),
	(883,894,22,'60'),
	(884,895,22,'60'),
	(885,896,22,'60'),
	(886,897,22,'60'),
	(887,898,22,'60'),
	(888,899,22,'60'),
	(889,900,22,'60'),
	(890,901,22,'60'),
	(891,902,22,'60'),
	(892,903,22,'60'),
	(893,904,22,'60'),
	(894,905,22,'60'),
	(895,906,22,'60'),
	(896,907,22,'60'),
	(897,908,22,'60'),
	(898,909,22,'60'),
	(899,910,22,'60'),
	(900,911,22,'60'),
	(901,912,22,'60'),
	(902,913,22,'60'),
	(903,914,22,'60'),
	(904,915,22,'60'),
	(905,916,22,'60'),
	(906,917,22,'60'),
	(907,918,22,'60'),
	(908,919,22,'60'),
	(909,920,22,'60'),
	(910,921,22,'60'),
	(911,922,22,'60'),
	(912,923,22,'60'),
	(913,924,22,'60'),
	(914,925,22,'60'),
	(915,926,22,'60'),
	(916,927,22,'60'),
	(917,928,22,'60'),
	(918,929,22,'60'),
	(919,930,22,'60'),
	(920,931,22,'60'),
	(921,932,22,'60'),
	(922,933,22,'60'),
	(923,934,22,'60'),
	(924,935,22,'60'),
	(925,936,22,'60'),
	(926,937,22,'60'),
	(927,938,22,'60'),
	(928,939,22,'60'),
	(929,940,22,'60'),
	(930,941,22,'60'),
	(931,942,22,'60'),
	(932,943,22,'60'),
	(933,944,22,'60'),
	(934,945,22,'60'),
	(935,946,22,'60'),
	(936,947,22,'60'),
	(937,948,22,'60'),
	(938,949,22,'60'),
	(939,950,22,'60'),
	(940,951,22,'60'),
	(941,952,22,'60'),
	(942,953,22,'60'),
	(943,954,22,'60'),
	(944,955,22,'60'),
	(945,956,22,'60'),
	(946,957,22,'60'),
	(947,958,22,'60'),
	(948,959,22,'60'),
	(949,960,22,'60'),
	(950,961,22,'60'),
	(951,962,22,'60'),
	(952,963,22,'60'),
	(953,964,22,'60'),
	(954,965,22,'60'),
	(955,966,22,'60'),
	(956,967,22,'60'),
	(957,968,22,'60'),
	(958,969,22,'60'),
	(959,970,22,'60'),
	(960,971,22,'60'),
	(961,972,22,'60'),
	(962,973,22,'60'),
	(963,974,22,'60'),
	(964,975,22,'60'),
	(965,976,22,'60'),
	(966,977,22,'60'),
	(967,978,22,'60'),
	(968,979,22,'60'),
	(969,980,22,'60'),
	(970,981,22,'60'),
	(971,982,22,'60'),
	(972,983,22,'60'),
	(973,984,22,'60'),
	(974,985,22,'60'),
	(975,986,22,'60'),
	(976,987,22,'60'),
	(977,988,22,'60'),
	(978,989,22,'60'),
	(979,990,22,'60'),
	(980,991,22,'60'),
	(981,992,22,'60'),
	(982,993,22,'60'),
	(983,994,22,'60'),
	(984,995,22,'60'),
	(985,996,22,'60'),
	(986,997,22,'60'),
	(987,998,22,'60'),
	(988,999,22,'60'),
	(989,1000,22,'60'),
	(990,1001,22,'60'),
	(991,1002,22,'60'),
	(992,1003,22,'60'),
	(993,1004,22,'60'),
	(994,1005,22,'60'),
	(995,1006,22,'60'),
	(996,1007,22,'60'),
	(997,1008,22,'60'),
	(998,1009,22,'60'),
	(999,1010,22,'60'),
	(1000,1011,22,'60'),
	(1001,1012,22,'60'),
	(1002,1013,22,'60'),
	(1003,1014,22,'60'),
	(1004,1015,22,'60'),
	(1005,1016,22,'60'),
	(1006,1017,22,'60'),
	(1007,1018,22,'60'),
	(1008,1019,22,'60'),
	(1009,1020,22,'60'),
	(1010,1021,22,'60'),
	(1011,1022,22,'60'),
	(1012,1023,22,'60'),
	(1013,1024,22,'60'),
	(1014,1025,22,'60'),
	(1015,1026,22,'60'),
	(1016,1027,22,'60'),
	(1017,1028,22,'60');

/*!40000 ALTER TABLE `device_status` ENABLE KEYS */;
UNLOCK TABLES;


# Dump of table device_template
# ------------------------------------------------------------

DROP TABLE IF EXISTS `device_template`;

CREATE TABLE `device_template` (
  `deviceTemplateId` int(50) NOT NULL,
  `deviceType` varchar(50) NOT NULL,
  `capabilities` varchar(500) NOT NULL,
  `brand` varchar(50) NOT NULL,
  `model` varchar(100) NOT NULL,
  `communication` varchar(100) NOT NULL,
  PRIMARY KEY (`deviceTemplateId`)
) ENGINE=InnoDB DEFAULT CHARSET=latin1;

LOCK TABLES `device_template` WRITE;
/*!40000 ALTER TABLE `device_template` DISABLE KEYS */;

INSERT INTO `device_template` (`deviceTemplateId`, `deviceType`, `capabilities`, `brand`, `model`, `communication`)
VALUES
	(1,'simple_light','command_on, command_off','philips','philips123','wifi'),
	(2,'dimmer_light','command_dimming','philips','philips124','wifi'),
	(3,'thermostat','command_set_temp, property_temp','bosch','bosch123','zigbee'),
	(4,'motion_sensor','property_motion','bosch','bosch321','zigbee'),
	(5,'radio','command_on, command_off, command_set_channel, property_channel','bosch','bosch789','wifi');

/*!40000 ALTER TABLE `device_template` ENABLE KEYS */;
UNLOCK TABLES;


# Dump of table indoor_location
# ------------------------------------------------------------

DROP TABLE IF EXISTS `indoor_location`;

CREATE TABLE `indoor_location` (
  `userid` varchar(50) NOT NULL,
  `indoorLocationId` varchar(50) NOT NULL,
  `friendlyName` varchar(50) NOT NULL,
  `listOfRooms` varchar(500) NOT NULL,
  `gps_lat` varchar(50) NOT NULL,
  `gps_lon` varchar(50) NOT NULL,
  PRIMARY KEY (`indoorLocationId`)
) ENGINE=InnoDB DEFAULT CHARSET=latin1;



# Dump of table relationship
# ------------------------------------------------------------

DROP TABLE IF EXISTS `relationship`;

CREATE TABLE `relationship` (
  `id` int(11) NOT NULL AUTO_INCREMENT,
  `relationship_temp_id` int(11) NOT NULL,
  `subject_type` varchar(50) NOT NULL DEFAULT '',
  `object_type` varchar(50) NOT NULL DEFAULT '',
  `object_id` int(11) NOT NULL,
  `subject_id` int(11) NOT NULL,
  PRIMARY KEY (`id`)
) ENGINE=InnoDB DEFAULT CHARSET=latin1;

LOCK TABLES `relationship` WRITE;
/*!40000 ALTER TABLE `relationship` DISABLE KEYS */;

INSERT INTO `relationship` (`id`, `relationship_temp_id`, `subject_type`, `object_type`, `object_id`, `subject_id`)
VALUES
	(10,1,'human','human',125,1),
	(13,5,'human','device',28,125),
	(15,1,'human','human',1,125),
	(16,1,'human','human',126,1),
	(17,1,'human','human',1,126),
	(18,5,'human','device',29,125),
	(19,5,'human','device',29,126),
	(20,5,'human','device',30,1),
	(21,1,'human','human',1,123),
	(22,1,'human','human',123,1),
	(23,1,'human','human',126,123),
	(24,1,'human','human',123,126),
	(32,1,'human','human',124,126),
	(33,1,'human','human',126,124),
	(34,5,'human','device',30,124),
	(39,1,'human','human',1,137),
	(40,1,'human','human',137,1),
	(41,5,'human','device',28,137),
	(42,5,'human','device',29,137),
	(43,1,'human','human',1,138),
	(44,1,'human','human',138,1),
	(45,5,'human','device',28,138),
	(46,5,'human','device',29,138),
	(47,1,'human','human',1,139),
	(48,1,'human','human',139,1),
	(49,5,'human','device',28,139),
	(50,5,'human','device',29,139),
	(51,5,'human','device',32,1),
	(52,1,'human','human',138,139),
	(53,1,'human','human',139,138),
	(54,5,'human','device',32,138),
	(55,1,'human','human',126,138),
	(56,1,'human','human',138,126),
	(57,5,'human','device',30,138),
	(58,5,'human','device',33,1),
	(59,5,'human','device',33,139),
	(60,5,'human','device',33,126),
	(61,1,'human','human',1,141),
	(62,1,'human','human',141,1),
	(63,5,'human','device',28,141),
	(64,5,'human','device',29,141),
	(65,5,'human','device',34,141),
	(66,5,'human','device',35,1);

/*!40000 ALTER TABLE `relationship` ENABLE KEYS */;
UNLOCK TABLES;


# Dump of table relationship_template
# ------------------------------------------------------------

DROP TABLE IF EXISTS `relationship_template`;

CREATE TABLE `relationship_template` (
  `relationship_temp_id` int(11) NOT NULL AUTO_INCREMENT,
  `relationship_temp_name` varchar(100) NOT NULL,
  `subject_type` varchar(100) NOT NULL,
  `object_type` varchar(100) NOT NULL,
  PRIMARY KEY (`relationship_temp_id`)
) ENGINE=InnoDB DEFAULT CHARSET=latin1;

LOCK TABLES `relationship_template` WRITE;
/*!40000 ALTER TABLE `relationship_template` DISABLE KEYS */;

INSERT INTO `relationship_template` (`relationship_temp_id`, `relationship_temp_name`, `subject_type`, `object_type`)
VALUES
	(1,'friendship','human','human'),
	(2,'ownership','human','device'),
	(3,'kinship','device','device'),
	(4,'colocationship','human, device','human, device'),
	(5,'thriendship','human, device','human, device');

/*!40000 ALTER TABLE `relationship_template` ENABLE KEYS */;
UNLOCK TABLES;


# Dump of table Sessions
# ------------------------------------------------------------

DROP TABLE IF EXISTS `Sessions`;

CREATE TABLE `Sessions` (
  `sid` varchar(255) NOT NULL,
  `expires` int(11) DEFAULT NULL,
  `json` text,
  `id` int(11) NOT NULL AUTO_INCREMENT,
  `createdAt` datetime NOT NULL,
  `updatedAt` datetime NOT NULL,
  PRIMARY KEY (`id`),
  UNIQUE KEY `sid` (`sid`)
) ENGINE=InnoDB DEFAULT CHARSET=utf8;

LOCK TABLES `Sessions` WRITE;
/*!40000 ALTER TABLE `Sessions` DISABLE KEYS */;

INSERT INTO `Sessions` (`sid`, `expires`, `json`, `id`, `createdAt`, `updatedAt`)
VALUES
	('GiOfGCAbCUDIipipQffZCuU5',1396901494,'{\"cookie\":{\"originalMaxAge\":null,\"expires\":null,\"httpOnly\":true,\"path\":\"/\"},\"passport\":{}}',2,'2014-04-06 11:56:58','2014-04-06 16:11:33'),
	('uHv9svxHAIw4QdF3h2mpoYY3',1396903886,'{\"cookie\":{\"originalMaxAge\":null,\"expires\":null,\"httpOnly\":true,\"path\":\"/\"},\"passport\":{}}',3,'2014-04-06 13:06:04','2014-04-06 16:51:25');

/*!40000 ALTER TABLE `Sessions` ENABLE KEYS */;
UNLOCK TABLES;


# Dump of table user
# ------------------------------------------------------------

DROP TABLE IF EXISTS `user`;

CREATE TABLE `user` (
  `userid` int(50) NOT NULL AUTO_INCREMENT,
  `username` varchar(50) NOT NULL,
  `password` varchar(50) NOT NULL,
  `lastname` varchar(50) NOT NULL,
  `firstname` varchar(50) NOT NULL,
  `streetadd` varchar(200) NOT NULL,
  `city` varchar(50) NOT NULL,
  `state` varchar(50) NOT NULL,
  `country` varchar(50) NOT NULL,
  `gps_lat` varchar(50) NOT NULL,
  `gps_lon` varchar(50) NOT NULL,
  `email` varchar(100) NOT NULL DEFAULT '',
  PRIMARY KEY (`userid`),
  UNIQUE KEY `username` (`username`)
) ENGINE=InnoDB DEFAULT CHARSET=latin1;

LOCK TABLES `user` WRITE;
/*!40000 ALTER TABLE `user` DISABLE KEYS */;

INSERT INTO `user` (`userid`, `username`, `password`, `lastname`, `firstname`, `streetadd`, `city`, `state`, `country`, `gps_lat`, `gps_lon`, `email`)
VALUES
	(1,'ryan','123','Ulanowicz','Ryan','310 Walnut St.','Pittsburgh','PA','USA','47.0001','-80','r.ulanowicz@gmail.com'),
	(123,'jieunatbosch','123','Kim','JiEun','4716 Ellsworth Ave.','Pittsburgh','PA','USA','47.4417','80.0','jieun.kim@us.bosch.com'),
	(124,'bob','123','Smith','bob','1234 fake st.','pittsburgh','PA','USA','20','20','bob@bob.com'),
	(125,'richard','123','Knight','Richard','5678 Boom St.','Philadelphia','PA','USA','20','20',''),
	(126,'josef','123','Grzenda','Josef','1234 asdf st.','asdf','AL','USA','20','20',''),
	(137,'james','123','Smith','James','321 Fake St.','Philadelphia','PA','USA','20','20','james@james.org'),
	(138,'tammy','123','Fields','Tammy','654 False Ln.','Oil City','PA','USA','20','20','tammy@tammy.org'),
	(139,'john','123','Walker','John','434 Booze Ln.','Pittsburgh','PA','USA','20','20','jon@john.com'),
	(141,'lauren','12345678','Smith','Lauren','123 Main St.','Anytown','PA','USA','20','20','lauren@hotmail.com');

/*!40000 ALTER TABLE `user` ENABLE KEYS */;
UNLOCK TABLES;



/*!40111 SET SQL_NOTES=@OLD_SQL_NOTES */;
/*!40101 SET SQL_MODE=@OLD_SQL_MODE */;
/*!40014 SET FOREIGN_KEY_CHECKS=@OLD_FOREIGN_KEY_CHECKS */;
/*!40101 SET CHARACTER_SET_CLIENT=@OLD_CHARACTER_SET_CLIENT */;
/*!40101 SET CHARACTER_SET_RESULTS=@OLD_CHARACTER_SET_RESULTS */;
/*!40101 SET COLLATION_CONNECTION=@OLD_COLLATION_CONNECTION */;
